first_name,last_name,email,gender,ip_address,city
Ross,Peddersen,rpeddersen0@mapquest.com,Female,41.75.135.237,La Libertad
Danit,Donegan,ddonegan1@list-manage.com,Non-binary,227.181.80.27,Horodnya
Danell,Delany,ddelany2@ihg.com,Genderqueer,89.50.136.252,Novoshakhtinskiy
Jennee,Klaassens,jklaassens3@cbsnews.com,Agender,93.189.231.181,Kalidung
Faustine,Vedeniktov,fvedeniktov4@ihg.com,Bigender,193.197.251.24,Kyra
Armand,Shears,ashears5@gnu.org,Bigender,85.186.219.98,Otterburn Park
Tillie,Do Rosario,tdorosario6@washingtonpost.com,Genderqueer,26.180.212.181,Kumanis
Pedro,Stolting,pstolting7@hibu.com,Male,203.108.198.28,Jinshanzui
Margarethe,McCarney,mmccarney8@cdc.gov,Polygender,245.51.44.47,Ganjiangtou
Danyelle,Haspineall,dhaspineall9@jalbum.net,Agender,178.44.149.5,Bungu
Raynard,Hapke,rhapkea@squidoo.com,Agender,243.76.139.234,Cikananga
Ted,Kee,tkeeb@cocolog-nifty.com,Bigender,192.164.248.41,Banes
Antonio,Ghest,aghestc@macromedia.com,Polygender,8.211.194.189,Zakan-Yurt
Calli,Abels,cabelsd@miibeian.gov.cn,Male,187.156.227.189,Mlalo
Zia,Gioan,zgioane@hatena.ne.jp,Genderqueer,185.31.148.141,Padamulya
Adelice,Pedden,apeddenf@epa.gov,Polygender,222.70.168.230,Tanggungrejo
Roscoe,Schoenfisch,rschoenfischg@oakley.com,Male,128.46.175.194,Lac du Bonnet
Phebe,Sugden,psugdenh@sohu.com,Genderqueer,179.107.130.59,Néma
Luz,Diggins,ldigginsi@pbs.org,Male,28.114.154.196,La Labor
Phylis,Pitkin,ppitkinj@paginegialle.it,Female,227.126.165.178,Talitsy
Talbot,Sein,tseink@ovh.net,Female,214.14.186.95,Kuala Belait
Vic,Honig,vhonigl@mapy.cz,Male,77.60.221.85,
Ellie,Gabbett,egabbettm@altervista.org,Genderfluid,202.130.58.81,Huilong
Laverna,Brunger,lbrungern@google.it,Agender,196.215.71.254,Ciganaria
Lacee,Featherstonhaugh,lfeatherstonhaugho@epa.gov,Genderfluid,190.151.113.22,Jaciara
Ammamaria,Craney,acraneyp@yolasite.com,Male,82.63.133.72,Lysekil
Brew,Ziemke,bziemkeq@nasa.gov,Male,24.123.113.150,Jeruk
Othella,Vanyukhin,ovanyukhinr@cnbc.com,Bigender,112.83.201.114,Lesnoye
Claretta,Oakwood,coakwoods@tinyurl.com,Polygender,244.84.173.86,Saint-Denis
Shanta,Bedells,sbedellst@microsoft.com,Agender,77.47.188.53,Pocohuanca
Tiebout,Maneylaws,tmaneylawsu@bigcartel.com,Bigender,190.83.244.132,Šardice
Durante,Vuittet,dvuittetv@github.com,Agender,140.10.28.180,Iwierzyce
Lucais,Rouch,lrouchw@lycos.com,Polygender,176.230.75.15,Novyy Svit
Heath,Vanni,hvannix@yandex.ru,Bigender,25.244.190.17,Makrýgialos
Jaquenette,Semken,jsemkeny@nature.com,Genderqueer,187.118.231.159,
Emmalee,Dagleas,edagleasz@diigo.com,Polygender,144.160.49.118,Bolesławiec
Brodie,Heathcott,bheathcott10@time.com,Non-binary,164.234.254.195,Parzęczew
Bradney,Tyhurst,btyhurst11@nydailynews.com,Polygender,18.156.168.184,Quilo-quilo
Norris,Thirlwall,nthirlwall12@ihg.com,Non-binary,18.251.71.193,Columbus
Tova,Hatto,thatto13@homestead.com,Genderqueer,156.251.160.183,Mae Sai
Forster,Leavry,fleavry14@japanpost.jp,Genderfluid,233.228.89.128,Vale da Pedra
Lana,Latus,llatus15@goo.gl,Non-binary,202.250.101.117,Gugut
Row,Cloy,rcloy16@topsy.com,Female,96.109.113.252,Cojutepeque
Verne,Rolland,vrolland17@dailymail.co.uk,Female,51.5.117.158,Куклиш
Millisent,Pol,mpol18@slashdot.org,Agender,110.192.144.219,
Olivia,Foggarty,ofoggarty19@gov.uk,Agender,118.48.132.14,Cofimvaba
Linn,Clarabut,lclarabut1a@purevolume.com,Male,178.17.80.210,Anren
Rica,Wibrow,rwibrow1b@imdb.com,Bigender,218.98.9.170,Kuybyshevo
Andreas,Crinage,acrinage1c@sbwire.com,Non-binary,94.80.250.239,Rosmalen
Leila,Holde,lholde1d@netscape.com,Genderqueer,82.191.61.159,
Britni,Veracruysse,bveracruysse1e@gnu.org,Agender,37.236.7.133,Undurkhaan
Holmes,Burbridge,hburbridge1f@dailymail.co.uk,Non-binary,123.45.67.89,Ciro Redondo
Herold,Dargie,hdargie1g@usatoday.com,Female,108.188.35.11,Kobayashi
Fredek,Goomes,fgoomes1h@printfriendly.com,Polygender,172.99.164.170,Tokarnia
Jocelin,Mac Geaney,jmacgeaney1i@google.ru,Female,2.100.107.223,Atipuluhan
Vi,Fairney,vfairney1j@cbsnews.com,Genderfluid,89.150.84.226,Can-asujan
Henryetta,Petras,hpetras1k@prnewswire.com,Non-binary,21.221.14.84,Podstepki
Kiah,Moreinu,kmoreinu1l@cmu.edu,Non-binary,10.232.190.63,Shuikou
Chad,Lukas,clukas1m@independent.co.uk,Polygender,88.171.14.149,Nusajaya
Lurette,Easson,leasson1n@hatena.ne.jp,Polygender,20.226.103.172,‘Arīshah
Fiann,Paulou,fpaulou1o@reverbnation.com,Agender,2.217.166.94,Fuchun
Sybila,Palmar,spalmar1p@psu.edu,Polygender,232.90.136.199,Gandekan
Dominik,Boone,dboone1q@adobe.com,Polygender,112.54.47.167,Hasan
Leonelle,Mollene,lmollene1r@biglobe.ne.jp,Male,228.44.127.111,Niederwaldkirchen
Iseabal,Carnihan,icarnihan1s@discuz.net,Genderqueer,182.203.31.64,Mufulira
Marcelo,Pallent,mpallent1t@webmd.com,Genderfluid,91.200.127.110,
Corney,Carolan,ccarolan1u@google.com.hk,Polygender,248.72.133.106,Edgeworthstown
Fransisco,Bellenger,fbellenger1v@cornell.edu,Genderfluid,140.3.14.216,Burla
Thadeus,Vel,tvel1w@ebay.com,Genderqueer,250.8.2.38,
Joleen,Roddan,jroddan1x@parallels.com,Bigender,208.238.75.166,Kuryłówka
Lucy,Enderson,lenderson1y@tiny.cc,Female,157.211.228.44,Shenshu
Osbourne,Mazonowicz,omazonowicz1z@telegraph.co.uk,Agender,159.220.7.93,Ilanskiy
Corny,Riepl,criepl20@ft.com,Genderqueer,165.75.16.186,Yangzhen
Angeline,Fishley,afishley21@so-net.ne.jp,Bigender,149.241.129.92,Osapsio
Bernhard,Poter,bpoter22@fastcompany.com,Male,154.222.125.11,Benavila
Deborah,Pitchers,dpitchers23@tamu.edu,Male,126.243.217.185,Aroa
Marilin,Stebbings,mstebbings24@wired.com,Bigender,103.179.246.6,
Margarita,Fronzek,mfronzek25@usnews.com,Genderfluid,124.41.18.88,
Solly,Lambertini,slambertini26@mtv.com,Non-binary,171.83.201.66,
Jefferson,Farr,jfarr27@desdev.cn,Bigender,101.123.191.223,Penghu
Daniella,Boundy,dboundy28@smugmug.com,Bigender,2.162.238.193,Seulimeum
Tedda,Sixsmith,tsixsmith29@goo.ne.jp,Genderfluid,245.0.218.48,Henglan
Kelcey,Rock,krock2a@unblog.fr,Agender,139.7.230.95,Akim Oda
Cherida,Basson,cbasson2b@wunderground.com,Female,27.178.136.162,Lubbock
Gene,Mogra,gmogra2c@dailymotion.com,Genderfluid,5.101.22.103,Cajamarca
Eva,Geertz,egeertz2d@unesco.org,Agender,180.88.165.206,Wuping
Ramona,Bussens,rbussens2e@howstuffworks.com,Genderfluid,216.64.58.209,Mzuzu
Bird,Towndrow,btowndrow2f@freewebs.com,Non-binary,217.113.166.10,Pulian
Phineas,Storek,pstorek2g@stumbleupon.com,Female,187.104.59.240,Maredakamau
Dalenna,Sleeman,dsleeman2h@hatena.ne.jp,Female,233.239.70.162,Talaibon
Alice,Fourmy,afourmy2i@sitemeter.com,Non-binary,116.46.190.136,Na Chueak
Charlot,Penylton,cpenylton2j@nps.gov,Bigender,112.15.245.155,Bāft
Joan,Elgee,jelgee2k@nsw.gov.au,Genderqueer,23.105.17.210,Artesianón
Noelyn,Cuschieri,ncuschieri2l@typepad.com,Non-binary,218.211.36.137,Chengzhong
Marilin,Lavery,mlavery2m@google.ca,Genderfluid,137.94.224.121,
Norbie,Parram,nparram2n@answers.com,Polygender,104.36.208.41,Mangaldan
Corly,Sutherley,csutherley2o@adobe.com,Genderqueer,14.223.219.146,Gaopai
Daveta,Pankettman,dpankettman2p@sogou.com,Polygender,104.44.30.208,
Iolande,Lintin,ilintin2q@youku.com,Genderqueer,210.211.78.197,Vasil’yevskiy Mokh
Jard,Saint,jsaint2r@homestead.com,Bigender,117.40.53.23,Kiambu
Deloria,Goracci,dgoracci2s@java.com,Genderfluid,120.125.174.15,Llipa
Hector,Deards,hdeards2t@senate.gov,Polygender,10.166.126.58,Bagumbayan
Alidia,Chaimson,achaimson2u@fema.gov,Male,92.153.29.200,München
Alissa,Farryann,afarryann2v@google.cn,Genderqueer,106.2.209.47,Szprotawa
Gayelord,Clemits,gclemits2w@vk.com,Non-binary,74.135.179.201,Nancheng
Angelia,Fetherstonhaugh,afetherstonhaugh2x@tinyurl.com,Agender,244.13.121.119,Munjul
Samuel,Erni,serni2y@macromedia.com,Genderfluid,97.208.179.116,Delta del Tigre
Sigmund,Brevetor,sbrevetor2z@reference.com,Male,225.35.50.159,
Stanley,Glasman,sglasman30@sfgate.com,Female,21.47.251.86,Kedungcangkring
Dacey,Patesel,dpatesel31@state.tx.us,Genderfluid,141.48.109.188,Dolulolong
Louisette,Pirelli,lpirelli32@ucoz.com,Agender,21.24.203.27,Piedras
Harold,Busby,hbusby33@techcrunch.com,Genderqueer,228.109.63.31,Neuilly-sur-Marne
Diane,Layborn,dlayborn34@netscape.com,Agender,232.114.45.177,
Maximilianus,Vassall,mvassall35@typepad.com,Bigender,6.211.194.181,Otwock
Tonnie,Shurville,tshurville36@de.vu,Agender,209.108.114.0,Haitou
Bjorn,Campione,bcampione37@noaa.gov,Agender,21.209.21.31,Zhanjiang
Bunny,Yurchishin,byurchishin38@noaa.gov,Agender,118.121.170.55,
Andie,MacGilfoyle,amacgilfoyle39@state.tx.us,Non-binary,233.225.135.164,Karonga
Giustina,Santori,gsantori3a@cyberchimps.com,Genderfluid,119.68.6.161,Guadalupe
Verne,Mantram,vmantram3b@zimbio.com,Genderfluid,203.69.75.231,Alikalia
Ailis,Sherrington,asherrington3c@home.pl,Female,244.131.9.223,
Sam,Steen,ssteen3d@e-recht24.de,Agender,93.162.212.62,Waepana
Adriana,Coldbath,acoldbath3e@opensource.org,Male,214.144.238.133,Akat Amnuai
Sergent,Washtell,swashtell3f@msu.edu,Genderqueer,188.241.190.13,Banyo
Murvyn,Fraine,mfraine3g@exblog.jp,Genderfluid,154.7.150.205,Prosvet
Josephina,Kirsopp,jkirsopp3h@blog.com,Polygender,97.160.65.0,Sumberdangdang
Arri,Couronne,acouronne3i@usnews.com,Genderqueer,96.106.23.48,Beiqiao
Etheline,Swinerd,eswinerd3j@gnu.org,Polygender,141.220.123.189,Élancourt
Paco,Adney,padney3k@xrea.com,Agender,140.219.146.157,
Stoddard,Champneys,schampneys3l@hc360.com,Female,41.95.227.31,Lukunor
Roxane,Iapico,riapico3m@spotify.com,Polygender,232.231.214.123,Zlaté Hory
Betty,Coughan,bcoughan3n@photobucket.com,Genderfluid,12.179.230.50,Kamenka
Marketa,Heake,mheake3o@hud.gov,Genderqueer,205.89.174.227,Baldone
Koren,McBryde,kmcbryde3p@photobucket.com,Bigender,88.146.133.54,Champigny-sur-Marne
Rebekah,Puddifer,rpuddifer3q@webs.com,Male,176.136.118.33,Westonaria
Austen,Georgelin,ageorgelin3r@unblog.fr,Non-binary,174.62.88.90,Nogueira
Nerita,Buddington,nbuddington3s@elegantthemes.com,Bigender,64.84.122.8,Tembongraja
Jozef,Crutchley,jcrutchley3t@symantec.com,Polygender,82.248.102.221,Kristiansand S
Gael,Domanski,gdomanski3u@elpais.com,Bigender,142.15.79.190,Tommot
Jaclin,Tring,jtring3v@stumbleupon.com,Agender,213.207.195.141,Kétou
Linette,Grinnell,lgrinnell3w@edublogs.org,Agender,40.210.28.64,Hedong
Mitch,Warrilow,mwarrilow3x@theatlantic.com,Non-binary,52.224.22.49,Bago City
Elysia,Dionsetto,edionsetto3y@oakley.com,Female,234.118.13.93,Tonggu
Melli,Finlay,mfinlay3z@simplemachines.org,Non-binary,138.252.116.204,New York City
Giacopo,Postle,gpostle40@desdev.cn,Genderqueer,20.236.52.150,
Juditha,Ransom,jransom41@weebly.com,Polygender,73.232.165.54,
Olag,Caldera,ocaldera42@mysql.com,Agender,4.136.89.32,Ciudad Sandino
Cami,Nusche,cnusche43@123-reg.co.uk,Genderfluid,26.168.72.12,Verdun
Willi,Algore,walgore44@nbcnews.com,Bigender,64.111.30.213,Plérin
Virgina,Barrett,vbarrett45@nature.com,Genderqueer,170.15.135.101,
Orbadiah,Brende,obrende46@nifty.com,Polygender,215.83.90.135,
Kingsly,Gallear,kgallear47@webs.com,Non-binary,124.204.122.97,Deán Funes
Silvio,Riding,sriding48@wix.com,Genderqueer,6.129.196.80,
Goddart,Langstone,glangstone49@xing.com,Polygender,212.85.121.98,
Lion,Dene,ldene4a@blogspot.com,Male,249.60.255.153,Arroteia
Rolph,Peret,rperet4b@google.co.jp,Genderqueer,64.235.144.131,Nīshābūr
Aubry,Clissell,aclissell4c@homestead.com,Male,23.252.226.4,Xicheng
Lira,Leinster,lleinster4d@storify.com,Genderqueer,190.225.114.80,Bizerte
Knox,Alecock,kalecock4e@lycos.com,Genderqueer,233.208.183.244,Alor Setar
Mariana,Goneau,mgoneau4f@mayoclinic.com,Agender,227.88.212.152,Palmeiros
Jamima,Jorez,jjorez4g@narod.ru,Genderqueer,247.65.35.105,Changfa
Alexia,Boschmann,aboschmann4h@mtv.com,Genderfluid,65.254.134.3,Mingguang
Joelly,Hinkins,jhinkins4i@wp.com,Genderfluid,237.140.59.131,San Narciso
Cathy,Seifenmacher,cseifenmacher4j@nyu.edu,Female,73.183.245.250,Rancharia
Rich,O'Bradden,robradden4k@blogtalkradio.com,Genderfluid,34.228.238.201,Pingdu
Madelaine,Colebrook,mcolebrook4l@statcounter.com,Genderfluid,16.54.72.32,Lebak
Bab,Sparry,bsparry4m@blog.com,Female,9.12.92.233,
Lyndsie,Cosgreave,lcosgreave4n@a8.net,Male,191.47.240.239,Huanren
Averil,Brookson,abrookson4o@webmd.com,Male,41.143.231.13,Piątnica
Katina,Dat,kdat4p@goo.ne.jp,Genderqueer,254.194.163.202,
Karlee,Sebert,ksebert4q@ehow.com,Female,93.37.185.53,Suzuka
Carly,Schole,cschole4r@usa.gov,Polygender,70.226.113.119,Cacoal
Berna,Broseke,bbroseke4s@lulu.com,Polygender,120.209.147.16,Fontvieille
Jillie,Gerrans,jgerrans4t@kickstarter.com,Female,218.159.23.13,Marne-la-Vallée
Dotty,Buckthought,dbuckthought4u@quantcast.com,Agender,55.244.244.71,Zambujal
Brooke,Mundy,bmundy4v@wordpress.org,Bigender,55.25.8.82,Kurchaloy
Tate,Gecke,tgecke4w@yale.edu,Genderfluid,242.22.41.121,Žitenice
Celie,Hills,chills4x@storify.com,Male,134.109.20.224,Pato-o
Tamqrah,Codi,tcodi4y@privacy.gov.au,Polygender,81.137.136.110,
Valene,Bassingham,vbassingham4z@shutterfly.com,Agender,17.122.89.162,Fukayachō
Adele,Roundtree,aroundtree50@ibm.com,Genderfluid,79.204.198.49,
Aeriel,Shepheard,ashepheard51@ask.com,Genderfluid,176.78.128.41,Sumbergebang
Sibby,Kenford,skenford52@salon.com,Genderfluid,11.178.91.96,Puerres
Cosette,Dome,cdome53@parallels.com,Polygender,175.159.240.204,Dupnitsa
Graeme,Whelpton,gwhelpton54@com.com,Polygender,228.134.16.194,
Ruth,Holberry,rholberry55@dropbox.com,Male,166.208.23.198,Napuro
Alix,Lumbly,alumbly56@google.de,Bigender,64.179.14.64,
Roth,Ickov,rickov57@hc360.com,Non-binary,170.0.38.181,Badovinci
Elfrieda,Corrison,ecorrison58@ovh.net,Bigender,98.55.15.49,Sidomulyo
Valerye,Burnhill,vburnhill59@prlog.org,Bigender,52.102.202.143,Skála
Marja,Thorwarth,mthorwarth5a@dropbox.com,Male,104.68.138.52,Jablunkov
Valina,Pulhoster,vpulhoster5b@eventbrite.com,Genderfluid,231.74.129.125,Moosomin
Aloise,Shrive,ashrive5c@edublogs.org,Female,217.98.97.221,Mbinga
Andre,Orsay,aorsay5d@slideshare.net,Polygender,241.63.215.43,Bilo
Brittaney,Brumbye,bbrumbye5e@blogspot.com,Genderfluid,122.152.55.92,Shangsha
Neely,Okroy,nokroy5f@npr.org,Genderqueer,28.155.234.203,Hornówek
Brad,Kubiczek,bkubiczek5g@umn.edu,Bigender,64.203.213.30,Niquelândia
Camille,Bartleet,cbartleet5h@sfgate.com,Genderqueer,225.27.58.20,Kislovodsk
Ive,Yarnall,iyarnall5i@php.net,Genderfluid,142.89.29.52,Oviedo
Casandra,Kernell,ckernell5j@msu.edu,Polygender,111.16.83.153,Nice
Cosmo,Oxbury,coxbury5k@tumblr.com,Polygender,217.253.30.168,Yangchao
Page,felip,pfelip5l@hubpages.com,Genderfluid,13.148.222.178,Nularan
Monica,Krysztowczyk,mkrysztowczyk5m@deliciousdays.com,Female,233.66.74.99,Helsingborg
Julianne,Coverley,jcoverley5n@fc2.com,Genderqueer,194.225.46.135,Skien
Farrel,Beverstock,fbeverstock5o@goo.gl,Bigender,58.233.18.39,Dos Quebradas
Joane,Gingold,jgingold5p@tripadvisor.com,Male,97.229.255.63,Letlhakane
Conny,Ditchett,cditchett5q@wired.com,Bigender,40.109.185.206,
Abe,Henrichs,ahenrichs5r@guardian.co.uk,Genderqueer,168.248.97.122,Zhongxian
Holly,Janicijevic,hjanicijevic5s@independent.co.uk,Female,149.172.234.154,Odesskoye
Craggy,Ghion,cghion5t@nhs.uk,Bigender,112.1.247.255,Tabaquite
Glenn,Harland,gharland5u@edublogs.org,Non-binary,163.88.130.22,Antes
Lyndsie,D'eye,ldeye5v@amazon.co.jp,Female,247.215.161.145,Malalag
Rodger,Townby,rtownby5w@yellowpages.com,Agender,242.74.19.170,San Roque
Dacia,Picard,dpicard5x@a8.net,Polygender,220.135.165.227,Nawal
Sheilah,Camellini,scamellini5y@dion.ne.jp,Genderfluid,184.82.7.24,Vrané nad Vltavou
Muriel,Linsey,mlinsey5z@trellian.com,Female,104.77.209.246,Obodivka
Rube,Overpool,roverpool60@google.com.br,Polygender,137.242.150.198,Wenchang
Beatriz,Carlyle,bcarlyle61@bravesites.com,Bigender,78.49.120.95,Baton Rouge
Caitrin,Pinnion,cpinnion62@alibaba.com,Genderfluid,111.105.99.80,Jindayris
Michel,Delahunty,mdelahunty63@sbwire.com,Polygender,137.62.156.249,Qingshu
Jacquenette,Stanney,jstanney64@t.co,Agender,110.70.3.132,Marialva
Babbie,Bernon,bbernon65@cnbc.com,Non-binary,238.191.74.165,
Alfi,Shead,ashead66@creativecommons.org,Genderqueer,19.156.190.211,Dikhil
Rutger,Oldacre,roldacre67@indiatimes.com,Genderfluid,241.243.49.243,Paungde
Stephine,Creevy,screevy68@clickbank.net,Female,47.230.241.254,Baise City
Rorie,Feather,rfeather69@storify.com,Non-binary,85.61.133.163,Minamata
Desiree,Tender,dtender6a@webs.com,Female,23.12.175.43,Voronezh
Wait,Kettleson,wkettleson6b@reddit.com,Genderfluid,128.40.23.64,Alcorriol
Aaron,Durnan,adurnan6c@csmonitor.com,Female,194.159.55.166,Huilong
Baxie,Balaizot,bbalaizot6d@alibaba.com,Male,133.137.210.50,Bridel
Bennie,Kerfod,bkerfod6e@sina.com.cn,Genderfluid,198.203.220.27,Monaghan
Hugo,Larder,hlarder6f@newyorker.com,Genderfluid,184.142.174.220,Aparecida do Taboado
Kenna,MacCaughey,kmaccaughey6g@indiatimes.com,Genderfluid,82.67.173.209,Tarouca
Dannye,Shenfisch,dshenfisch6h@newyorker.com,Genderfluid,83.34.169.233,São Brás de Alportel
Dianna,Kighly,dkighly6i@gmpg.org,Genderfluid,106.113.194.131,Jiaxian Chengguanzhen
Erinna,Beverage,ebeverage6j@edublogs.org,Genderfluid,154.26.208.5,
Willie,Rosengart,wrosengart6k@dyndns.org,Non-binary,109.206.86.77,Panenjoan
Nikoletta,Efford,nefford6l@umich.edu,Genderqueer,101.194.22.238,Cempaka
Levey,Macbeth,lmacbeth6m@dedecms.com,Agender,5.109.70.97,Hošťka
Dilly,Kittel,dkittel6n@cnet.com,Female,99.192.66.56,Ghāro
Lorrin,Towhey,ltowhey6o@time.com,Genderqueer,129.54.106.57,Runan
Meghann,Yerrill,myerrill6p@behance.net,Genderqueer,128.39.135.184,Pran Buri
Johann,Puddan,jpuddan6q@amazon.de,Male,43.92.171.120,Zouma
Austina,Arrigo,aarrigo6r@youtu.be,Bigender,42.79.176.162,Heredia
Rolf,Kenningham,rkenningham6s@sphinn.com,Bigender,29.150.42.216,Nankou
Doralia,Saunder,dsaunder6t@360.cn,Non-binary,177.125.137.8,Gyigang
Mead,Swaffer,mswaffer6u@uiuc.edu,Bigender,246.241.83.116,Al Ghayl
Mile,Torvey,mtorvey6v@boston.com,Polygender,81.65.169.229,Daguyun
Renelle,Kerans,rkerans6w@blog.com,Non-binary,241.212.251.164,Kakamega
Mallory,Pryn,mpryn6x@woothemes.com,Genderqueer,97.241.80.108,Algarvia
Tymothy,Frostdick,tfrostdick6y@harvard.edu,Genderqueer,39.44.42.175,Ymittos
Arlin,Lammert,alammert6z@who.int,Female,219.228.86.121,Kutno
Euphemia,Stennine,estennine70@hp.com,Male,28.65.143.163,Sitampiky
Peter,Cogan,pcogan71@unc.edu,Polygender,125.76.107.153,Krasnyye Chetai
Vonnie,Clausson,vclausson72@weather.com,Female,19.127.216.30,Douala
Barney,Klesse,bklesse73@msu.edu,Bigender,225.126.95.91,Giesteira
Manon,Horbath,mhorbath74@va.gov,Agender,248.106.149.5,Lautaro
Dennie,Gaynes,dgaynes75@ameblo.jp,Agender,20.5.211.20,Yasenskaya
Tony,Loynes,tloynes76@rambler.ru,Polygender,63.188.84.174,Lhoknga
Carlie,Skirven,cskirven77@wisc.edu,Agender,89.16.21.32,Grojec
Chrissy,Pires,cpires78@japanpost.jp,Agender,215.29.88.76,Terneuzen
Bradford,Tripney,btripney79@webnode.com,Genderfluid,64.150.237.248,Zhongchao
Elbertine,Abele,eabele7a@ifeng.com,Female,196.71.108.16,
Ettie,Cazin,ecazin7b@vimeo.com,Genderfluid,214.75.68.147,Bunobogu
Helga,Catlow,hcatlow7c@linkedin.com,Non-binary,240.118.205.63,Leloboko
Godfry,Trustey,gtrustey7d@arizona.edu,Genderqueer,123.28.177.73,Dolna Banya
Aldous,Larking,alarking7e@buzzfeed.com,Polygender,109.108.143.35,Balungao
Karolina,Bainbridge,kbainbridge7f@soundcloud.com,Female,112.50.131.110,
Glen,Zorzin,gzorzin7g@ow.ly,Genderfluid,167.133.52.150,Zhaobaoshan
Hartley,Densell,hdensell7h@deliciousdays.com,Agender,71.2.192.108,Nacimiento
Iolande,Burlingame,iburlingame7i@oracle.com,Genderfluid,70.140.130.42,Domaradz
Rem,Desantis,rdesantis7j@godaddy.com,Polygender,200.213.18.72,Tambong
Lillian,Kissell,lkissell7k@blinklist.com,Bigender,93.211.78.122,Cihaur
Dix,Pound,dpound7l@instagram.com,Polygender,46.222.5.141,Santulhão
Beret,Ahlin,bahlin7m@goo.gl,Genderqueer,222.70.188.86,Kontagora
Auguste,Dibden,adibden7n@webs.com,Polygender,243.57.105.32,San Diego
Cleavland,Tullett,ctullett7o@bloglines.com,Non-binary,227.178.27.191,Cipaku
Karita,Boykett,kboykett7p@mozilla.com,Male,139.240.102.28,Xiaohenglong
Ketty,Malyj,kmalyj7q@bloomberg.com,Agender,8.47.81.209,Livramento do Brumado
Marje,Woolacott,mwoolacott7r@soup.io,Bigender,99.93.172.108,Pul-e Khumrī
Peggie,Marchi,pmarchi7s@mit.edu,Bigender,53.195.37.70,Seremban
Alaster,Vashchenko,avashchenko7t@newyorker.com,Female,120.212.106.199,Berkovitsa
Alberik,MacNeilage,amacneilage7u@tinypic.com,Agender,72.18.192.44,Yujin
Trefor,Beatens,tbeatens7v@dyndns.org,Bigender,255.55.139.119,Torino
Stephana,O'Connolly,soconnolly7w@addthis.com,Genderfluid,185.245.89.194,Songkar B
Marie,von Nassau,mvonnassau7x@google.ru,Non-binary,16.164.1.123,San Gregorio
Chariot,Fison,cfison7y@europa.eu,Polygender,106.183.196.239,Jiazhi
Natka,Barrs,nbarrs7z@devhub.com,Male,140.171.98.69,
Kiah,Mazella,kmazella80@blogspot.com,Agender,101.108.11.62,Qiping
Iago,Mebius,imebius81@is.gd,Genderfluid,157.58.110.5,Santai
Bryce,Walling,bwalling82@altervista.org,Female,199.38.83.29,Paris 15
Dannie,Calverley,dcalverley83@indiegogo.com,Female,120.53.13.92,Erfurt
Max,Kleinstein,mkleinstein84@imageshack.us,Non-binary,222.132.61.40,T’aebaek
Marshall,Sturdgess,msturdgess85@goodreads.com,Non-binary,207.197.29.45,Shalang
Selene,Lanigan,slanigan86@shinystat.com,Bigender,128.138.141.19,Bun Barat
Gonzalo,Jolland,gjolland87@cargocollective.com,Bigender,181.1.100.214,Montesson
Rosemonde,Stratford,rstratford88@mediafire.com,Polygender,116.141.103.197,Hamburg Bramfeld
Siobhan,Bruckstein,sbruckstein89@typepad.com,Female,230.92.185.39,Sankeyushu
Aeriel,Hartell,ahartell8a@arizona.edu,Agender,76.239.52.193,
Delphinia,Hanes,dhanes8b@nyu.edu,Male,202.199.106.243,Nagaoka
Trev,Hubert,thubert8c@jimdo.com,Genderqueer,26.123.36.195,Bunol
Laryssa,Disdel,ldisdel8d@acquirethisname.com,Male,228.9.164.96,Hīsh
Carver,Sarchwell,csarchwell8e@edublogs.org,Female,42.77.159.76,Jiucheng
Izaak,Housley,ihousley8f@miibeian.gov.cn,Genderfluid,222.92.117.137,Sélestat
Gabriel,Marks,gmarks8g@freewebs.com,Genderfluid,180.62.167.210,Zhongxin
Malina,Skipperbottom,mskipperbottom8h@businessinsider.com,Male,70.150.41.63,
May,Van Leijs,mvanleijs8i@google.com.br,Polygender,188.85.105.192,Gobernador Costa
Kip,Paolillo,kpaolillo8j@godaddy.com,Bigender,123.186.219.55,
Nerte,Rahlof,nrahlof8k@hibu.com,Non-binary,54.254.187.245,Aksu
Elene,Simms,esimms8l@comcast.net,Female,174.71.182.157,Fagersta
Cyndia,Paschke,cpaschke8m@aboutads.info,Agender,156.159.138.201,Taipalsaari
Welby,Feaveer,wfeaveer8n@techcrunch.com,Genderfluid,234.59.95.159,Las Vegas
Zerk,Rounds,zrounds8o@wp.com,Female,169.226.9.122,Tsybli
Esra,Mant,emant8p@t-online.de,Non-binary,17.237.110.132,Montalegre
Lucilia,Janc,ljanc8q@parallels.com,Male,146.255.90.89,Visconde do Rio Branco
Lenee,Habishaw,lhabishaw8r@photobucket.com,Male,206.23.48.39,Fubei
Ricca,Drewitt,rdrewitt8s@senate.gov,Non-binary,147.175.9.240,Žlutice
Rufe,Cometti,rcometti8t@furl.net,Non-binary,36.37.247.228,Maxixe
Jesselyn,Hirche,jhirche8u@squarespace.com,Male,204.50.216.124,Mutang
Giuditta,Bayns,gbayns8v@google.it,Agender,71.189.44.127,Xilin
Milka,Alexandersen,malexandersen8w@goo.gl,Male,84.15.188.52,Quebradas
Caldwell,Connal,cconnal8x@bluehost.com,Male,160.207.72.189,Kudirkos Naumiestis
Elva,Biaggiotti,ebiaggiotti8y@archive.org,Non-binary,152.39.58.158,Sabtang
Hannie,Dowdall,hdowdall8z@webeden.co.uk,Genderfluid,197.49.143.70,Tongda
Roberto,Lightning,rlightning90@imdb.com,Male,224.132.142.93,Toyonaka
Kennie,O'Hdirscoll,kohdirscoll91@pbs.org,Non-binary,60.77.98.52,
Evey,Josifovic,ejosifovic92@clickbank.net,Polygender,173.28.201.0,Shkotovo
Bradly,Pearmine,bpearmine93@princeton.edu,Female,28.87.128.59,
Franni,Iannuzzelli,fiannuzzelli94@prweb.com,Agender,191.165.120.180,
Brucie,Borer,bborer95@histats.com,Genderqueer,108.92.16.45,Okrouhlice
Klaus,Lammenga,klammenga96@bloglines.com,Non-binary,134.40.42.161,Lubichowo
Vere,Fackrell,vfackrell97@netlog.com,Agender,55.241.30.55,Tonggu
Aldin,Domotor,adomotor98@fema.gov,Polygender,185.26.79.17,Dovhe
Bonny,Pilbury,bpilbury99@ameblo.jp,Female,227.99.3.17,Figueiró dos Vinhos
Eulalie,Sabattier,esabattier9a@accuweather.com,Genderfluid,121.253.144.60,Smyków
Romola,Coning,rconing9b@studiopress.com,Agender,213.150.126.131,Seke
Philippa,Bacchus,pbacchus9c@cocolog-nifty.com,Female,86.191.23.96,
Aguie,Spuner,aspuner9d@indiatimes.com,Polygender,66.19.193.12,
Don,Tomkinson,dtomkinson9e@w3.org,Genderfluid,220.69.85.144,Feliciano
Morgen,Jaques,mjaques9f@51.la,Genderqueer,129.201.139.116,Pedraza
Carita,Sclanders,csclanders9g@multiply.com,Male,198.22.149.131,Lingbeizhou
Rip,Mucklestone,rmucklestone9h@java.com,Agender,28.2.192.28,Quintas
Scot,McHarry,smcharry9i@msn.com,Polygender,35.39.215.21,Taozixi
Tedd,Bilby,tbilby9j@tinypic.com,Female,31.25.168.39,Noisy-le-Grand
Irwinn,Cowwell,icowwell9k@seattletimes.com,Female,75.68.183.92,Ruda-Huta
Jolene,Stook,jstook9l@craigslist.org,Polygender,254.180.186.193,Vypolzovo
Marybelle,Coronas,mcoronas9m@usda.gov,Genderfluid,92.46.206.251,Sidomakmur
Marnia,Ricks,mricks9n@slashdot.org,Agender,118.245.54.93,Barcin
Goldy,Dulake,gdulake9o@hc360.com,Genderqueer,80.155.251.164,Castlemartyr
Emmet,Baverstock,ebaverstock9p@yellowpages.com,Non-binary,176.198.30.124,La Julia
Artair,Hook,ahook9q@stumbleupon.com,Male,51.51.90.135,Bualan
Corella,Kindley,ckindley9r@accuweather.com,Male,215.246.164.120,Delft
Charlene,Joncic,cjoncic9s@soundcloud.com,Non-binary,207.137.122.134,Rancasadang
Shandee,McRae,smcrae9t@histats.com,Polygender,146.214.72.149,Dorūd
Pippo,Heaton,pheaton9u@howstuffworks.com,Female,25.199.161.82,Lungaog
Roscoe,Gronno,rgronno9v@wiley.com,Non-binary,14.23.135.15,Tococ East
Farly,Krout,fkrout9w@icio.us,Female,69.184.67.112,Vladivostok
Hussein,Lindhe,hlindhe9x@cafepress.com,Bigender,234.215.126.85,Kalibaru
Pat,Filpo,pfilpo9y@telegraph.co.uk,Polygender,40.195.142.169,Księżpol
Markos,Siman,msiman9z@msn.com,Genderqueer,189.172.72.187,
Christen,Goodinson,cgoodinsona0@nasa.gov,Non-binary,47.157.163.174,Biên Hòa
Lynne,Mandres,lmandresa1@issuu.com,Bigender,16.41.111.132,Banjar Sandinggianyar
Kirby,Briance,kbriancea2@blogspot.com,Genderqueer,152.254.253.9,Biliran
Emmaline,Camilleri,ecamilleria3@spiegel.de,Bigender,184.191.125.218,Xinxu
Malvina,Yitzhak,myitzhaka4@shop-pro.jp,Bigender,134.225.85.243,Kotabunan
Dareen,Abrahamsohn,dabrahamsohna5@fotki.com,Genderfluid,157.7.193.20,Itagüí
Annalee,Seville,asevillea6@nba.com,Non-binary,91.151.126.60,Gresik
Any,Jiranek,ajiraneka7@businesswire.com,Male,166.86.249.132,Tieremu
Fairleigh,Weinberg,fweinberga8@walmart.com,Bigender,23.17.29.87,
Bevan,Caroli,bcarolia9@themeforest.net,Non-binary,161.178.251.187,Marmárion
Helene,Danovich,hdanovichaa@amazonaws.com,Polygender,50.39.184.98,Inderka
Danice,Udy,dudyab@amazonaws.com,Female,165.184.190.228,Lingyuan
Billye,Minci,bminciac@themeforest.net,Bigender,74.170.16.117,Watoona
Lisbeth,Rahill,lrahillad@fema.gov,Agender,193.133.223.191,Shanghe
Robinette,Pellissier,rpellissierae@reddit.com,Genderfluid,156.183.105.36,Ropice
Nydia,Gyrgorwicx,ngyrgorwicxaf@dailymail.co.uk,Bigender,201.84.115.21,Maghār
Fredericka,Wyman,fwymanag@blog.com,Polygender,15.200.13.198,Florencio Sánchez
Ruddie,Ragat,rragatah@npr.org,Polygender,142.211.135.171,La Troncal
Jaclin,Bayle,jbayleai@flickr.com,Agender,82.27.160.166,Cololaca
Woodie,Aindriu,waindriuaj@histats.com,Genderfluid,173.59.123.80,Hudiksvall
Luci,Cossins,lcossinsak@squidoo.com,Polygender,44.33.64.240,Tapayan
Maryjo,Soper,msoperal@twitpic.com,Female,11.202.161.209,Huashixia
Thomasina,Roast,troastam@archive.org,Agender,253.3.8.53,Krajan Satu
Paloma,Balsellie,pbalselliean@zimbio.com,Genderqueer,136.162.64.176,Hushan
Gun,Mattsson,gmattssonao@usnews.com,Genderqueer,15.232.184.134,Saint-Pierre
Pansy,MacEveley,pmaceveleyap@yellowbook.com,Genderfluid,208.150.151.185,Abuxarda
Elbertine,Skrzynski,eskrzynskiaq@naver.com,Non-binary,111.99.141.15,Aragarças
Glenda,Olivia,goliviaar@bloglines.com,Bigender,93.51.153.240,Al Fujayrah
Deeanne,Notman,dnotmanas@artisteer.com,Non-binary,249.174.97.68,Mat-i
Saul,Curm,scurmat@whitehouse.gov,Agender,77.68.51.214,
Torin,Goodyer,tgoodyerau@weibo.com,Non-binary,184.111.34.76,Lantian
Janaye,Slavin,jslavinav@army.mil,Bigender,89.144.27.231,São Miguel do Guamá
Kirby,Brewster,kbrewsteraw@cargocollective.com,Genderfluid,251.108.61.236,Wanju
Franklyn,Squirrel,fsquirrelax@yellowpages.com,Agender,17.124.2.114,Mijiang
Kimberly,Klimt,kklimtay@cbc.ca,Polygender,246.96.156.20,
Rae,Cowerd,rcowerdaz@dell.com,Polygender,217.215.251.191,Crato
Barrie,Bellefant,bbellefantb0@odnoklassniki.ru,Agender,185.192.206.125,Erdaocha
Ricard,Swannack,rswannackb1@addthis.com,Polygender,192.0.165.52,Boulsa
Bram,Bankhurst,bbankhurstb2@wordpress.org,Female,90.86.55.109,Puerto López
Edvard,Raiston,eraistonb3@ted.com,Female,84.162.93.241,
Helen-elizabeth,Merill,hmerillb4@bluehost.com,Genderfluid,218.202.139.151,Huangtan
Judd,Dron,jdronb5@canalblog.com,Bigender,125.65.153.12,Del Pilar
Florri,Hulson,fhulsonb6@wikia.com,Non-binary,59.241.102.20,Nantes
Katina,Stiller,kstillerb7@domainmarket.com,Non-binary,145.12.197.159,Chunjing
Daryn,Rubinfajn,drubinfajnb8@usgs.gov,Polygender,73.76.30.178,Xi’an
Cymbre,Muckart,cmuckartb9@google.co.uk,Bigender,13.181.247.179,
Dal,Blanning,dblanningba@yolasite.com,Agender,228.220.5.170,Long Beach
Gayle,Calan,gcalanbb@sitemeter.com,Female,16.206.47.113,
Kane,Castiglio,kcastigliobc@lycos.com,Non-binary,75.151.212.47,La Mesa
Tiler,Warman,twarmanbd@ftc.gov,Non-binary,140.41.181.10,Gadon
Jethro,Aked,jakedbe@imageshack.us,Non-binary,25.75.20.79,Baroy
Sayer,Ciccotti,sciccottibf@php.net,Polygender,219.144.14.69,Hrazdan
Cammy,Cheston,cchestonbg@yandex.ru,Agender,49.226.185.28,Patos Fshat
Claude,Pooly,cpoolybh@people.com.cn,Bigender,42.189.147.209,Houston
Latrina,Dunkinson,ldunkinsonbi@multiply.com,Agender,40.179.2.197,Rosario
Augusta,Artist,aartistbj@taobao.com,Agender,252.222.1.157,Kabac
Odille,Bakhrushin,obakhrushinbk@blogs.com,Bigender,74.134.26.178,Bata Tengah
Starla,Ruckman,sruckmanbl@ifeng.com,Non-binary,181.128.66.185,Yashao
Aland,Georgeot,ageorgeotbm@over-blog.com,Genderqueer,235.38.104.82,Vellinge
Clim,Iredale,ciredalebn@slideshare.net,Genderfluid,68.104.230.10,Logovskoye
Jaquenetta,Girt,jgirtbo@nba.com,Genderqueer,55.138.108.58,Yablonovskiy
Rurik,Lund,rlundbp@usda.gov,Non-binary,159.85.76.195,Obubra
Arlena,Mowles,amowlesbq@about.com,Genderfluid,156.227.96.55,Lisui
Deirdre,Kmicicki,dkmicickibr@bbc.co.uk,Male,72.75.240.234,Ilebo
Thor,Simanenko,tsimanenkobs@forbes.com,Agender,228.173.98.155,San Fernando del Valle de Catamarca
Marthe,Ziemsen,mziemsenbt@comsenz.com,Polygender,255.185.107.2,Banocboc
Beryl,Sayers,bsayersbu@weibo.com,Agender,102.81.104.61,Yanji
Eleanore,Else,eelsebv@amazonaws.com,Female,83.48.28.231,Lianran
Dael,Seawell,dseawellbw@bravesites.com,Polygender,101.117.230.232,Chavárion
Dave,Madden,dmaddenbx@tmall.com,Male,87.198.67.191,
Vickie,Eccott,veccottby@booking.com,Genderfluid,248.250.51.209,Tangga’an
Bari,Seger,bsegerbz@skype.com,Male,101.152.57.148,Daxindian
Rodolph,Grimley,rgrimleyc0@unblog.fr,Male,189.42.16.62,Koudougou
Graeme,Johnston,gjohnstonc1@mac.com,Non-binary,236.238.154.1,San Juan
Marys,Wasielewski,mwasielewskic2@salon.com,Female,112.224.145.228,Lile
Huntington,Ipsgrave,hipsgravec3@ed.gov,Female,82.59.102.146,Yangdu
Cherey,Jobe,cjobec4@ifeng.com,Bigender,245.162.207.191,Houping
Faye,Guys,fguysc5@about.me,Male,230.4.34.254,Tuusniemi
Ray,Keady,rkeadyc6@buzzfeed.com,Polygender,244.8.52.48,Privolzhsk
Stefano,Waberer,swabererc7@pbs.org,Female,242.106.196.127,Kingston
Zarla,Harriss,zharrissc8@ning.com,Genderfluid,76.128.157.146,Havtsal
Melody,Petruszka,mpetruszkac9@ucsd.edu,Genderfluid,71.127.90.244,Yinglong
Candi,Miquelet,cmiqueletca@intel.com,Bigender,154.234.129.141,Obock
Brendis,Beckmann,bbeckmanncb@cdc.gov,Genderqueer,42.189.180.212,Pashiya
Bearnard,Lapthorne,blapthornecc@adobe.com,Genderqueer,172.133.50.3,Boje
Pet,Skippon,pskipponcd@huffingtonpost.com,Bigender,57.36.172.26,Jarigue
Ianthe,Agnolo,iagnoloce@google.cn,Genderqueer,157.92.45.115,Radzanów
Demeter,Trusty,dtrustycf@storify.com,Bigender,40.31.210.29,Norrtälje
Coreen,Dietzler,cdietzlercg@admin.ch,Non-binary,54.193.106.252,Skelleftehamn
Andrey,Innes,ainnesch@moonfruit.com,Male,82.106.157.6,Al Mushannaf
Giovanna,Triggs,gtriggsci@topsy.com,Bigender,221.176.147.73,Xiaopu
Burty,Bianco,bbiancocj@blinklist.com,Female,132.183.251.134,Rāiwind
Armstrong,McEniry,amceniryck@github.com,Female,195.191.204.172,Unaizah
Lynnea,Rosendahl,lrosendahlcl@alibaba.com,Genderfluid,137.18.192.138,Obolo-Eke (1)
Nickolaus,Haxby,nhaxbycm@gravatar.com,Male,158.77.254.171,Iporá
Stella,Sazio,ssaziocn@bizjournals.com,Non-binary,13.99.230.41,Niamtougou
Arabele,Howley,ahowleyco@merriam-webster.com,Polygender,137.192.45.136,Lospalos
Gabriela,Huie,ghuiecp@linkedin.com,Genderqueer,23.50.106.132,Gamboula
Jocelyne,Hollerin,jhollerincq@tripod.com,Polygender,199.64.48.218,Hodkovičky
Dave,Lushey,dlusheycr@paypal.com,Non-binary,187.45.24.80,Sumberingin Kulon
Gavan,Myrie,gmyriecs@auda.org.au,Bigender,158.122.139.168,Dietaisi
Ibbie,Collington,icollingtonct@foxnews.com,Genderfluid,249.175.14.243,Victoria
Dale,Emanuelli,demanuellicu@qq.com,Bigender,56.51.94.108,Guiyang
Isak,Olenin,iolenincv@comcast.net,Bigender,31.17.204.152,Bijie
Misti,Duffill,mduffillcw@artisteer.com,Male,236.17.158.168,
Ab,Keysall,akeysallcx@4shared.com,Bigender,142.62.69.95,Taypano
Elva,Pugsley,epugsleycy@japanpost.jp,Male,77.132.229.73,Koppies
Nicola,Glusby,nglusbycz@ocn.ne.jp,Genderqueer,217.60.196.80,Ciparakan
Marci,Tebald,mtebaldd0@drupal.org,Genderfluid,231.169.62.3,Myhiya
Dian,Standish-Brooks,dstandishbrooksd1@tripod.com,Genderqueer,140.252.101.109,Konibodom
Brody,MacCawley,bmaccawleyd2@moonfruit.com,Polygender,78.237.164.252,Konice
Burk,Simek,bsimekd3@plala.or.jp,Genderqueer,157.122.90.113,Sepit
Lizabeth,Cashell,lcashelld4@purevolume.com,Polygender,244.73.206.10,Baiima
James,Kohnen,jkohnend5@illinois.edu,Polygender,234.2.8.167,Manggu
Magdalen,Fiddy,mfiddyd6@uol.com.br,Female,106.206.201.26,Priupskiy
Raye,Bispo,rbispod7@deliciousdays.com,Male,55.182.224.20,
Ashlee,Ninotti,aninottid8@admin.ch,Genderfluid,160.85.207.234,Manadhoo
Hew,Birkett,hbirkettd9@pcworld.com,Polygender,124.70.46.170,
Eleanor,Stallon,estallonda@miibeian.gov.cn,Genderqueer,88.91.128.174,Barras
Nev,Wagnerin,nwagnerindb@about.com,Male,21.168.68.43,Sumbersewu
Tedi,Pillington,tpillingtondc@oakley.com,Genderfluid,45.118.63.34,Lorraine
Kora,Dodimead,kdodimeaddd@sina.com.cn,Genderfluid,5.103.174.44,
Cayla,Standing,cstandingde@walmart.com,Genderqueer,68.52.16.101,Kampong Thom
Joey,Oyley,joyleydf@ftc.gov,Bigender,200.58.245.69,Karlskrona
Leonerd,Benech,lbenechdg@qq.com,Male,138.188.151.230,Manuel Roxas
Ardene,Eannetta,aeannettadh@ezinearticles.com,Polygender,101.3.33.17,Pancoran
Gerty,Ogelbe,gogelbedi@rakuten.co.jp,Non-binary,125.99.147.15,Solntsevo
Jeanelle,Cavnor,jcavnordj@mlb.com,Agender,211.228.171.223,
Seamus,Kuhlmey,skuhlmeydk@howstuffworks.com,Genderqueer,158.233.111.189,Ciechocin
Prudence,Inglefield,pinglefielddl@amazonaws.com,Genderqueer,27.123.52.183,Seixo
Pollyanna,McEnhill,pmcenhilldm@about.me,Genderfluid,207.6.103.81,Karangmangu
Kaitlynn,Prene,kprenedn@wp.com,Bigender,53.181.48.146,Ipoh
Giacinta,Oakhill,goakhilldo@i2i.jp,Male,200.254.254.251,Witbank
Amabelle,Zelley,azelleydp@spotify.com,Non-binary,242.141.192.22,
Alfi,Sycamore,asycamoredq@studiopress.com,Genderqueer,72.90.58.151,Castelo
Claudia,Greaves,cgreavesdr@alibaba.com,Non-binary,156.65.125.194,
Gonzales,Himsworth,ghimsworthds@pinterest.com,Female,222.137.30.172,Nanjia
Kristen,Bartlomiejczyk,kbartlomiejczykdt@fotki.com,Genderqueer,155.126.217.239,Ribeirópolis
Charil,Boulter,cboulterdu@networkadvertising.org,Bigender,124.95.211.38,Banyue
Hymie,Coiley,hcoileydv@diigo.com,Male,215.119.105.162,Halmstad
Tallie,Trusler,ttruslerdw@ucoz.ru,Polygender,145.69.64.121,Bárrio
Tudor,Gerg,tgergdx@rediff.com,Genderqueer,91.116.47.249,Ipaba
Mayne,Swainson,mswainsondy@desdev.cn,Genderfluid,107.155.43.82,
Winnie,McCutcheon,wmccutcheondz@deviantart.com,Genderqueer,7.231.96.95,Miastko
Heloise,Gallahar,hgallahare0@51.la,Bigender,129.93.3.52,Wonodadi
Benedikta,Uden,budene1@ibm.com,Genderqueer,111.164.54.3,Nancun
Cosette,Izon,cizone2@japanpost.jp,Agender,78.64.67.216,Podwilk
Frasco,Goudy,fgoudye3@examiner.com,Genderfluid,126.120.10.245,Gabès
Wyatt,Joire,wjoiree4@myspace.com,Agender,10.29.199.227,Vila Velha
Rozanna,Docker,rdockere5@cnet.com,Polygender,226.62.217.250,Pindorama
Ulrikaumeko,Guyan,uguyane6@tmall.com,Genderqueer,141.65.233.199,Jiangshi
Evin,Torrejon,etorrejone7@mlb.com,Polygender,231.111.79.162,Karangkeng
Gilda,Cicero,gciceroe8@guardian.co.uk,Female,192.234.110.197,
Brendan,Hows,bhowse9@home.pl,Non-binary,31.84.228.125,Pasto
Kissie,Fossick,kfossickea@businessweek.com,Female,174.68.170.102,Đạ Tẻh
Pablo,Gidman,pgidmaneb@ft.com,Polygender,130.72.92.158,Saryaghash
Ellis,Hentze,ehentzeec@wsj.com,Genderqueer,46.60.140.117,Houjiagang
Marja,Ivashkov,mivashkoved@independent.co.uk,Non-binary,180.38.238.68,Andres Bonifacio
Danila,Bikker,dbikkeree@simplemachines.org,Male,157.240.102.41,Kedawung
Joscelin,Slyford,jslyfordef@oaic.gov.au,Polygender,104.112.19.199,Chengzi
Mirna,Darmody,mdarmodyeg@time.com,Genderqueer,79.250.104.13,Wufeng
Jaine,Brough,jbrougheh@com.com,Male,234.2.247.101,
Rob,Geratt,rgerattei@reuters.com,Non-binary,173.150.159.223,Ardirejo
Della,Weavers,dweaversej@people.com.cn,Male,144.39.158.48,
Halli,Quickenden,hquickendenek@1und1.de,Non-binary,155.150.60.250,Saskylakh
Alta,Spurdle,aspurdleel@cnn.com,Polygender,208.1.195.32,Malax
Kiah,Bunyard,kbunyardem@sciencedaily.com,Polygender,152.124.161.85,Conde
Werner,Engledow,wengledowen@mashable.com,Polygender,192.28.75.93,West Kelowna
Bibbye,Surridge,bsurridgeeo@instagram.com,Polygender,166.50.68.242,Pai do Vento
Terry,Cardus,tcardusep@toplist.cz,Non-binary,222.195.15.9,Neyagawa
Hildagard,Moine,hmoineeq@arizona.edu,Polygender,97.246.195.22,Sorocaba
Benton,Hairesnape,bhairesnapeer@histats.com,Non-binary,239.229.238.183,Samparna
Nikoletta,Goodge,ngoodgees@list-manage.com,Genderqueer,134.23.198.170,Ngulahan
Kyle,Demsey,kdemseyet@ameblo.jp,Genderfluid,183.146.64.165,Hollola
Saree,Hyder,shydereu@hatena.ne.jp,Male,21.114.96.230,Dubăsari
Phaedra,Mildner,pmildnerev@discovery.com,Non-binary,120.117.94.89,
Adele,Evitt,aevittew@msu.edu,Genderfluid,45.77.215.139,Youhao
Kyle,Vakhrushin,kvakhrushinex@bloomberg.com,Male,106.244.201.240,Alençon
Timmy,Shickle,tshickleey@liveinternet.ru,Polygender,87.153.126.233,Rājbirāj
Gilli,Lyttle,glyttleez@xing.com,Genderqueer,172.149.68.200,Yilan
Paddy,Hargate,phargatef0@creativecommons.org,Polygender,13.17.17.146,Xiaolukou
Yolanthe,Esposita,yespositaf1@quantcast.com,Genderfluid,240.42.209.179,
Maddie,Gherardini,mgherardinif2@opensource.org,Female,218.245.231.205,Bagumbayan
Patrizius,Thing,pthingf3@mapy.cz,Non-binary,20.2.179.74,Berezna
Read,O'Hara,roharaf4@census.gov,Agender,54.74.107.22,Tanjungluar
Huntley,Gregoli,hgregolif5@newyorker.com,Genderfluid,211.252.205.13,Oslo
Abdul,Lofthouse,alofthousef6@linkedin.com,Female,60.24.26.97,Ocumare del Tuy
Silas,McConigal,smcconigalf7@yandex.ru,Genderfluid,189.95.20.177,Devin
Jessalyn,Houlson,jhoulsonf8@topsy.com,Non-binary,79.93.226.243,Pong
Lethia,Bessant,lbessantf9@usda.gov,Agender,62.119.109.150,Shënmëri
Baldwin,Snelle,bsnellefa@comsenz.com,Bigender,216.95.72.156,Guajiasi
Salmon,Janc,sjancfb@linkedin.com,Polygender,232.5.81.216,Batuidu
Gard,Jollands,gjollandsfc@google.com,Bigender,64.254.230.156,Yorosso
Ariela,Ruffler,arufflerfd@techcrunch.com,Non-binary,249.245.156.83,Dera Bugti
Nicolai,Drysdell,ndrysdellfe@mozilla.org,Genderqueer,187.45.198.234,Huddinge
Thayne,Witterick,twitterickff@unblog.fr,Genderfluid,13.200.202.56,
Lilian,Howgill,lhowgillfg@usda.gov,Polygender,19.28.32.76,Sinargalih
Cyrill,Fripp,cfrippfh@exblog.jp,Female,181.9.109.136,Dalududalu
Dael,Burder,dburderfi@quantcast.com,Polygender,164.157.111.140,Vännäs
Hakeem,Kersey,hkerseyfj@businessinsider.com,Non-binary,79.83.237.6,Buzen
Derk,Cleever,dcleeverfk@economist.com,Male,98.223.255.247,Thomastown
Udell,Eskriet,ueskrietfl@naver.com,Genderfluid,246.113.72.120,
Breena,Damerell,bdamerellfm@nih.gov,Bigender,100.27.99.106,Orkney
Tab,Mustill,tmustillfn@va.gov,Non-binary,93.1.205.211,Kuroishi
Kaela,Vogel,kvogelfo@phpbb.com,Genderqueer,13.70.144.253,Baoji
Janith,Guiett,jguiettfp@g.co,Agender,55.79.118.150,
Marcelle,Korbmaker,mkorbmakerfq@dmoz.org,Polygender,5.167.180.96,Pulau Pinang
Chrisse,Keoghan,ckeoghanfr@microsoft.com,Agender,28.21.215.51,Liaonan
Ivette,Roly,irolyfs@cnn.com,Male,168.164.254.120,Devitsa
Aldwin,Pitkin,apitkinft@flavors.me,Agender,111.211.201.171,Ḩawsh ‘Īsá
Nicholas,Bracknall,nbracknallfu@gravatar.com,Female,175.29.198.123,Ciudad Bolivia
Murdoch,Shann,mshannfv@shinystat.com,Bigender,226.235.72.1,Huohua
Lynnell,Ibanez,libanezfw@alexa.com,Genderfluid,92.26.136.158,Shuhong
Jabez,Bilbie,jbilbiefx@upenn.edu,Polygender,150.80.186.132,Magtaking
Dunc,Valenti,dvalentify@mit.edu,Non-binary,70.89.237.226,Independencia
Beverlee,Coggin,bcogginfz@deliciousdays.com,Bigender,160.221.185.224,Limón
Edin,Kivits,ekivitsg0@homestead.com,Female,80.243.189.38,Tebon
Guinevere,McGreary,gmcgrearyg1@nymag.com,Genderfluid,243.165.240.233,
Sheba,Stening,ssteningg2@odnoklassniki.ru,Genderfluid,23.253.154.31,Myski
Inna,MacAne,imacaneg3@example.com,Genderqueer,197.246.127.68,Bitung
Peggi,Roscher,proscherg4@sogou.com,Genderqueer,172.65.170.61,Skórzec
Dukie,Holgan,dholgang5@mlb.com,Genderqueer,62.41.109.161,Karangarjo
Engracia,Greenroa,egreenroag6@chicagotribune.com,Female,84.244.0.218,Carlos Barbosa
Retha,O'Glassane,roglassaneg7@cnbc.com,Non-binary,251.49.71.101,Kukuluk
Willie,Huster,whusterg8@flickr.com,Male,252.148.205.237,Kuantian
Jereme,Carik,jcarikg9@nhs.uk,Non-binary,89.25.32.107,Saripin
Pamella,Bealing,pbealingga@weibo.com,Non-binary,152.213.192.203,Takengon
Patrica,Farmloe,pfarmloegb@mapy.cz,Agender,183.184.226.237,Gombangan
Claybourne,Lidgey,clidgeygc@t-online.de,Genderqueer,213.151.242.129,Robīt
Allys,MacBean,amacbeangd@globo.com,Non-binary,56.180.163.52,Afonsoeiro
Bee,Sellwood,bsellwoodge@foxnews.com,Polygender,86.41.164.135,Mazhu
Quintina,Strahan,qstrahangf@amazon.co.uk,Polygender,102.33.55.159,Norfolk
Amandi,Letts,alettsgg@alexa.com,Genderqueer,227.239.84.83,Huifeng
Inesita,Rouby,iroubygh@google.ca,Bigender,237.78.10.118,Kedungcangkring
Kerby,Spaducci,kspaduccigi@about.me,Genderqueer,5.120.31.99,Victoria Falls
Dorey,Vickress,dvickressgj@globo.com,Genderfluid,101.0.58.251,Tai Po
Renault,Cornner,rcornnergk@msu.edu,Polygender,117.153.210.104,Atsipópoulon
Harvey,Ferrulli,hferrulligl@cam.ac.uk,Genderfluid,136.76.178.228,Caozhen
Arnuad,Cansdale,acansdalegm@freewebs.com,Male,201.122.189.149,Kiukasen
Reed,Jago,rjagogn@answers.com,Agender,198.177.195.178,Saint-Tite
Romain,Giorgeschi,rgiorgeschigo@tumblr.com,Polygender,89.11.31.6,Kašperské Hory
Elena,Levi,elevigp@sourceforge.net,Polygender,53.216.200.236,Hartford
Perceval,Rosenbush,prosenbushgq@gov.uk,Genderfluid,202.97.85.131,Liangcunchang
Romeo,Chessman,rchessmangr@independent.co.uk,Polygender,173.182.29.147,Lappeenranta
Tomkin,Greenside,tgreensidegs@ft.com,Polygender,247.73.253.78,Aguas Corrientes
Querida,McBrearty,qmcbreartygt@earthlink.net,Agender,106.181.85.0,Manhan
Cristy,Berriman,cberrimangu@angelfire.com,Non-binary,120.190.9.206,Darhan
Inna,Mitchel,imitchelgv@bigcartel.com,Bigender,100.187.121.167,
Lazarus,Borland,lborlandgw@disqus.com,Female,213.32.91.200,Peyima
Emmie,Archibold,earchiboldgx@wisc.edu,Male,198.9.73.12,Lebel-sur-Quévillon
Ketty,Bovis,kbovisgy@auda.org.au,Non-binary,193.114.73.93,Qiwen
Rolph,Lionel,rlionelgz@is.gd,Bigender,1.106.10.58,Chrzanów
Clea,Paydon,cpaydonh0@netscape.com,Agender,123.74.252.45,Sudimoro
Kinnie,Scrauniage,kscrauniageh1@edublogs.org,Bigender,249.128.1.157,Hechuan
Sol,Hurt,shurth2@hubpages.com,Genderfluid,188.6.13.147,Yuen Long Kau Hui
Conroy,Macy,cmacyh3@moonfruit.com,Male,131.70.41.138,Ubud
Danna,Espadero,despaderoh4@google.com.au,Genderfluid,202.0.0.214,Dingbu
Winifield,Kissock,wkissockh5@wunderground.com,Agender,235.62.22.224,Kadukandel
Dido,Emeney,demeneyh6@xrea.com,Non-binary,107.141.26.252,Puerto Francisco de Orellana
Barbara-anne,Bagge,bbaggeh7@deliciousdays.com,Agender,254.175.19.210,Ambelón
Stefania,Pywell,spywellh8@ed.gov,Non-binary,88.21.225.30,Seupakat
Josh,Groven,jgrovenh9@cargocollective.com,Genderfluid,209.47.134.42,Arbais
Melonie,MacRory,mmacroryha@princeton.edu,Female,220.233.61.224,São Paio Merelim
Lexy,Vayne,lvaynehb@yelp.com,Female,168.192.43.96,Patos Fshat
Sibbie,de Clercq,sdeclercqhc@smugmug.com,Female,85.233.160.15,Puerto Montt
Dave,Castagnet,dcastagnethd@simplemachines.org,Male,91.21.231.112,Guadalupe
Kania,Skyram,kskyramhe@marketwatch.com,Polygender,43.50.67.150,Ijero-Ekiti
Hermy,Lempertz,hlempertzhf@livejournal.com,Female,237.134.236.234,Changgai
Alyse,Flanders,aflandershg@unesco.org,Agender,211.245.90.108,Włocławek
Tarrance,Ravenshear,travenshearhh@java.com,Polygender,197.81.128.224,Calancuasan Norte
Markus,Crufts,mcruftshi@globo.com,Male,105.191.178.56,Wangchang
Jed,Bonallack,jbonallackhj@china.com.cn,Genderqueer,154.121.177.199,Nassau
Annabelle,Chasmoor,achasmoorhk@kickstarter.com,Non-binary,172.205.158.117,Niebocko
Moina,Olenin,moleninhl@alexa.com,Non-binary,134.140.251.30,
Karin,Brighty,kbrightyhm@4shared.com,Genderfluid,169.194.42.83,Jibiya
Jdavie,Boulton,jboultonhn@twitpic.com,Male,132.59.79.31,
Berty,Stone Fewings,bstonefewingsho@instagram.com,Polygender,68.116.210.127,Gorgoram
Hamel,Matson,hmatsonhp@gizmodo.com,Genderqueer,248.152.187.124,
Zaria,Symcox,zsymcoxhq@economist.com,Non-binary,184.89.40.227,Real
Silvio,Finlay,sfinlayhr@squidoo.com,Male,29.141.140.173,Stockholm
Etienne,Petracco,epetraccohs@google.de,Male,248.14.219.55,Sevilla
Abby,Dufer,aduferht@alibaba.com,Female,159.173.52.149,Postmasburg
Johan,Bleiman,jbleimanhu@cnn.com,Polygender,150.187.77.127,Los Cedrales
Marcia,Murch,mmurchhv@theatlantic.com,Male,48.51.93.148,Facatativá
Ruggiero,Burchnall,rburchnallhw@sakura.ne.jp,Genderqueer,108.158.20.39,Zhujiang
Fremont,Ealam,fealamhx@cornell.edu,Genderfluid,122.93.135.58,Valparaíso
Doloritas,Rawlyns,drawlynshy@weebly.com,Bigender,232.86.32.63,Cam Lâm
Elnar,Morican,emoricanhz@msn.com,Male,97.34.99.234,Bununu Kasa
Bond,Fulun,bfuluni0@princeton.edu,Non-binary,44.153.40.254,Tibro
Tomkin,Honatsch,thonatschi1@wp.com,Polygender,150.206.92.160,
Rufe,Frisby,rfrisbyi2@ucla.edu,Genderqueer,71.121.141.240,Tromsø
Margot,Stainton - Skinn,mstaintonskinni3@so-net.ne.jp,Agender,209.158.75.199,Santa María de Ipire
Lauren,Medler,lmedleri4@fastcompany.com,Genderfluid,54.3.124.205,Kveda Chkhorots’q’u
Tally,Tapner,ttapneri5@hp.com,Genderqueer,133.39.127.111,
Druci,Birds,dbirdsi6@java.com,Polygender,134.56.229.107,Wangying
Devondra,Hacksby,dhacksbyi7@baidu.com,Genderfluid,207.20.91.123,Yihe
Arne,Sibbson,asibbsoni8@ed.gov,Non-binary,35.135.139.31,Krasnyy Oktyabr’
Ivonne,Possek,iposseki9@accuweather.com,Genderfluid,26.111.42.164,
Jessi,Colquite,jcolquiteia@google.com,Genderqueer,183.189.103.160,
Saraann,Rae,sraeib@ed.gov,Female,74.239.233.81,Baomin
Irina,St Louis,istlouisic@theatlantic.com,Polygender,63.25.84.42,Cacheu
Anabella,Hanalan,ahanalanid@fotki.com,Agender,222.20.213.202,
Analise,Jimmes,ajimmesie@networkadvertising.org,Non-binary,156.44.246.142,
Jessica,Mabbot,jmabbotif@merriam-webster.com,Genderqueer,210.16.228.49,
Alon,Runcie,aruncieig@mapquest.com,Polygender,168.180.120.53,Pierreville
Bryce,Exton,bextonih@yelp.com,Polygender,199.218.121.134,
Blondy,McRoberts,bmcrobertsii@google.ru,Genderqueer,102.163.62.31,Billère
Moe,Jarmyn,mjarmynij@goo.ne.jp,Genderfluid,227.250.119.222,Remscheid
Wainwright,McManus,wmcmanusik@seesaa.net,Genderqueer,160.38.139.233,Kedungbanteng Krajan
Melonie,Randall,mrandallil@ox.ac.uk,Male,54.36.120.176,Sokolovo
Bren,Boyce,bboyceim@google.co.jp,Male,71.235.141.96,Rogoza
Inessa,Chucks,ichucksin@blogtalkradio.com,Female,117.38.11.91,Khok Charoen
Dido,Mc Carrick,dmccarrickio@unblog.fr,Genderfluid,221.234.131.205,Sigu
Ravi,Giblett,rgiblettip@squarespace.com,Bigender,92.159.184.56,
Linn,Burds,lburdsiq@sphinn.com,Female,240.145.140.206,Xishan
Roger,Brook,rbrookir@ebay.co.uk,Female,112.66.145.137,Hinapalanan
Dorena,Delafoy,ddelafoyis@imgur.com,Bigender,141.129.229.146,
Josh,Chaplain,jchaplainit@chicagotribune.com,Agender,174.75.191.133,Gunungsubang
Barron,Paddison,bpaddisoniu@twitter.com,Genderfluid,214.107.241.175,Banatska Topola
Bryant,Roeby,broebyiv@naver.com,Non-binary,139.238.227.178,Wushan
Caroljean,Burberye,cburberyeiw@opensource.org,Genderfluid,112.7.48.201,Loei
Hy,Germaine,hgermaineix@naver.com,Bigender,109.242.22.150,Junín
Quintilla,Berrie,qberrieiy@acquirethisname.com,Male,107.164.215.143,
Kayley,Tunniclisse,ktunniclisseiz@twitpic.com,Polygender,178.155.170.166,Shanghe
Timothea,Gerty,tgertyj0@google.cn,Genderqueer,113.196.117.255,La Habana Vieja
Hanny,Halms,hhalmsj1@gizmodo.com,Genderqueer,38.108.81.30,Murygino
Raphaela,Grenfell,rgrenfellj2@opensource.org,Genderfluid,52.49.55.221,Issenye
Caritta,Comettoi,ccomettoij3@time.com,Male,46.233.134.114,Galatás
Meagan,Samper,msamperj4@google.de,Bigender,215.24.120.170,Vareiá
Alley,Matthew,amatthewj5@tinyurl.com,Genderfluid,38.131.217.150,Muleng
Francis,Keay,fkeayj6@wordpress.com,Polygender,132.73.205.112,San Juan Atitán
Loise,Doumenc,ldoumencj7@reuters.com,Non-binary,98.41.57.29,Villa Ascasubi
Ive,Crosland,icroslandj8@ucsd.edu,Male,162.199.75.213,Houston
Gallagher,Bonin,gboninj9@eepurl.com,Bigender,227.171.212.6,Moita da Roda
Ave,Chatan,achatanja@youku.com,Genderfluid,209.55.10.134,Paris 16
Murdoch,Semeniuk,msemeniukjb@youtube.com,Bigender,114.129.32.47,Popovo
Elvina,Yitshak,eyitshakjc@ucoz.com,Male,244.33.208.41,
Louisette,Scade,lscadejd@huffingtonpost.com,Bigender,27.55.157.138,Fresno
Glynnis,Trengrouse,gtrengrouseje@yahoo.com,Female,195.207.45.157,Gaoshi
Evyn,Tolman,etolmanjf@virginia.edu,Male,107.12.9.238,Ialibu
Theo,Gilder,tgilderjg@mit.edu,Non-binary,38.62.247.222,Piura
Elnar,Defew,edefewjh@example.com,Polygender,85.193.169.1,
Richart,Gillhespy,rgillhespyji@ibm.com,Female,178.91.232.140,Ambatondrazaka
Rafaelia,Beney,rbeneyjj@macromedia.com,Genderfluid,51.232.177.42,Shaliangzi
Cindie,Riddel,criddeljk@blogspot.com,Male,167.36.153.28,Changmaoling
Jon,Gruszecki,jgruszeckijl@weather.com,Bigender,221.244.111.204,Bugene
Haslett,Rosi,hrosijm@ucla.edu,Non-binary,217.211.248.137,Sam Phran
Shelby,Whayman,swhaymanjn@noaa.gov,Non-binary,122.40.26.94,Molochnoye
Marshal,Okeshott,mokeshottjo@friendfeed.com,Polygender,72.89.43.182,Karangsuko
Giralda,Alessandrini,galessandrinijp@typepad.com,Genderfluid,25.1.1.239,Buguruslan
Aube,Brewett,abrewettjq@hp.com,Male,30.241.176.127,Paris 19
Garv,Gheeraert,ggheeraertjr@hibu.com,Genderfluid,167.135.214.55,Cavadas
Katrine,Godier,kgodierjs@squarespace.com,Male,11.56.89.57,Iporá
Felizio,Bernardinelli,fbernardinellijt@go.com,Bigender,234.236.35.200,Lüjiabao
Kiley,Churches,kchurchesju@uiuc.edu,Female,241.59.41.211,Berovo
Thomasa,Flode,tflodejv@utexas.edu,Genderqueer,223.237.50.225,Três Lagoas
Babita,Gillebert,bgillebertjw@github.io,Genderqueer,80.220.71.222,Jubung
Engelbert,Moncrefe,emoncrefejx@microsoft.com,Male,21.123.214.37,Toulouse
Kenton,Madelin,kmadelinjy@vkontakte.ru,Bigender,152.244.207.16,Beiyang
Nat,Stetlye,nstetlyejz@prweb.com,Genderqueer,87.160.84.3,Meukek
Elianore,Aymerich,eaymerichk0@yahoo.co.jp,Bigender,241.14.143.195,Lidun
Guillemette,Madelin,gmadelink1@printfriendly.com,Bigender,16.155.160.172,Kitapak
Ingram,Durtnall,idurtnallk2@cnet.com,Male,97.247.99.26,Tuchlovice
Jena,Jentgens,jjentgensk3@themeforest.net,Bigender,0.55.241.37,Bhātpāra Abhaynagar
Damaris,Minithorpe,dminithorpek4@usnews.com,Polygender,234.78.167.172,Scarborough
Faith,Mellmoth,fmellmothk5@sphinn.com,Male,79.230.199.69,Karkkila
Glad,Grafom,ggrafomk6@berkeley.edu,Genderfluid,97.87.204.213,Chongjin
Sherwynd,Muncey,smunceyk7@patch.com,Bigender,234.193.138.203,Pasargunung
Mayne,Skouling,mskoulingk8@vk.com,Female,109.4.146.70,Mandikbatu
Blondelle,Buggs,bbuggsk9@posterous.com,Polygender,243.163.93.90,Mýki
Saul,Caves,scaveska@jigsy.com,Agender,72.30.113.94,Quán Hàu
Rickie,Scrase,rscrasekb@harvard.edu,Non-binary,89.201.188.41,Sardasht
Alvera,Kondratenya,akondratenyakc@engadget.com,Non-binary,223.161.45.88,Tianxingchang
Percival,Brehault,pbrehaultkd@multiply.com,Genderqueer,188.109.214.108,
Olia,Davidai,odavidaike@rediff.com,Polygender,1.191.248.35,Magog
Jaynell,Jorger,jjorgerkf@constantcontact.com,Non-binary,131.121.45.60,Murganhal
Gusella,Hovell,ghovellkg@tinypic.com,Polygender,49.226.139.187,Pskov
Craggy,Collelton,ccolleltonkh@elpais.com,Genderqueer,135.216.44.201,Cilolohan
Jacky,Paffot,jpaffotki@blogger.com,Non-binary,205.64.190.70,Loureiro
Gearard,Waison,gwaisonkj@feedburner.com,Non-binary,171.48.216.229,Hoopstad
Mac,O'Noland,monolandkk@sun.com,Genderfluid,52.131.131.211,Quilo-quilo
Ellswerth,Mithon,emithonkl@linkedin.com,Female,189.222.251.116,Funafuti
Normie,Gingel,ngingelkm@youtu.be,Female,165.248.190.195,Kobeřice
Miguel,Hirsch,mhirschkn@a8.net,Female,203.21.133.166,Budapest
Murdoch,Warbys,mwarbysko@europa.eu,Non-binary,52.100.18.219,Jalpatagua
Nanon,Bramsen,nbramsenkp@geocities.com,Bigender,216.68.74.93,Rājbirāj
Kennie,Mapam,kmapamkq@hexun.com,Genderfluid,116.63.145.23,Mirnyy
Tiebout,Stower,tstowerkr@51.la,Genderfluid,41.175.52.25,Krebet
Marissa,Penketh,mpenkethks@liveinternet.ru,Non-binary,51.119.182.43,Troyes
Cele,Reede,creedekt@prnewswire.com,Female,25.212.219.83,Tallahassee
Neely,Poltun,npoltunku@gnu.org,Polygender,215.89.66.66,Worcester
Aloisia,Scullard,ascullardkv@meetup.com,Genderfluid,171.127.185.126,Tokār
Cyrus,Belcham,cbelchamkw@census.gov,Bigender,117.228.3.204,Crépy-en-Valois
Brnaby,Echallier,bechallierkx@ask.com,Non-binary,56.112.75.94,Ōnojō
Teresita,Bourton,tbourtonky@prlog.org,Male,89.140.197.246,Carvalheira
Helge,Varah,hvarahkz@dailymail.co.uk,Polygender,157.203.243.93,Brooklyn
Odette,Fawlkes,ofawlkesl0@scribd.com,Bigender,250.86.78.85,Charenton-le-Pont
Rosamund,Colkett,rcolkettl1@tmall.com,Bigender,247.122.179.87,Sokol’skoye
Hy,Risbridge,hrisbridgel2@csmonitor.com,Agender,235.86.81.56,Banatsko Karađorđevo
Ibrahim,Bratch,ibratchl3@theglobeandmail.com,Non-binary,18.22.151.245,Barda
Audrie,Mozzi,amozzil4@patch.com,Non-binary,60.74.156.147,
Vinny,Stormonth,vstormonthl5@toplist.cz,Agender,32.145.137.42,Santa Cruz
Iorgo,Milson,imilsonl6@mtv.com,Genderqueer,108.142.225.168,Rodhítsa
Neda,Mulrooney,nmulrooneyl7@histats.com,Agender,255.242.101.1,Shakhun’ya
Anastasia,Buckoke,abuckokel8@mayoclinic.com,Female,96.196.152.228,
Esta,Grunguer,egrunguerl9@gnu.org,Genderfluid,44.180.84.39,Al Fashn
Lavinia,Traves,ltravesla@dailymail.co.uk,Non-binary,11.3.196.26,Saransk
Lovell,Wines,lwineslb@patch.com,Genderqueer,26.182.110.205,Strasbourg
Rosalyn,Rodway,rrodwaylc@instagram.com,Polygender,136.16.47.213,Mambalan
Kathie,Blodget,kblodgetld@nyu.edu,Genderqueer,70.56.169.255,Qinghua
Demetra,Grimolbie,dgrimolbiele@meetup.com,Genderqueer,81.62.211.62,Changling
Benton,Abrahamian,babrahamianlf@pcworld.com,Genderfluid,143.135.204.53,Onitsha
Thea,Gowman,tgowmanlg@stumbleupon.com,Male,206.177.115.81,Huangascar
Meredeth,Laughlin,mlaughlinlh@smh.com.au,Female,64.23.204.154,Partang
Mill,Roskelly,mroskellyli@quantcast.com,Female,39.212.187.161,
Stefania,De Ortega,sdeortegalj@addtoany.com,Female,166.74.110.237,Blaye
Brunhilde,Haslin,bhaslinlk@abc.net.au,Non-binary,234.17.254.94,Caluquembe
Katee,Wenderoth,kwenderothll@eepurl.com,Polygender,246.132.11.219,Cikondang
Mildrid,Twinbrow,mtwinbrowlm@mashable.com,Genderfluid,223.109.134.159,Bridel
Holden,Clelland,hclellandln@delicious.com,Agender,119.119.105.161,Menlou’ao
Andres,Plaister,aplaisterlo@redcross.org,Polygender,97.229.35.10,Ponta Porã
Kim,Tremberth,ktremberthlp@bloglovin.com,Male,5.66.221.13,Bayrachky
Kathie,Challener,kchallenerlq@a8.net,Polygender,124.168.224.16,Haarlem
Ellene,Antonacci,eantonaccilr@yale.edu,Male,184.233.48.52,Tindog
Ellsworth,Doman,edomanls@example.com,Non-binary,16.222.106.215,Arnaía
D'arcy,Wrathmell,dwrathmelllt@usatoday.com,Polygender,207.17.102.25,Żurowa
Lucretia,Rizzolo,lrizzololu@dell.com,Bigender,55.106.55.143,Pringgabaya
Yasmin,Van der Krui,yvanderkruilv@epa.gov,Female,69.75.144.221,
Korie,Eldred,keldredlw@bizjournals.com,Polygender,13.197.235.87,
Maurizio,Cattle,mcattlelx@cam.ac.uk,Polygender,246.106.27.133,Shache
Enrico,Canario,ecanarioly@ox.ac.uk,Genderqueer,127.7.151.163,Liulin
Pauli,McPhate,pmcphatelz@google.com.hk,Non-binary,35.235.22.231,Candoni
Mignonne,Foresight,mforesightm0@princeton.edu,Male,140.171.131.1,
Town,Hubane,thubanem1@businessweek.com,Agender,225.132.252.219,San Rafael
Maude,Drillot,mdrillotm2@nsw.gov.au,Bigender,203.189.45.220,Gaillac
Bertrando,Urwin,burwinm3@fastcompany.com,Agender,68.7.172.184,Altanbulag
Grant,Duddell,gduddellm4@wikipedia.org,Bigender,177.239.71.22,Koktal
Adria,Adolfson,aadolfsonm5@ning.com,Genderfluid,198.242.215.78,K’olīto
Roxanna,Killick,rkillickm6@wiley.com,Non-binary,53.240.49.221,Makilala
Pearce,Hapgood,phapgoodm7@cbsnews.com,Polygender,17.180.197.186,
Alla,Challicum,achallicumm8@spiegel.de,Female,65.18.195.138,Marsada
Clement,Ebbers,cebbersm9@ucoz.com,Genderfluid,236.165.246.11,Şabbūrah
Jasmin,Rameaux,jrameauxma@wix.com,Polygender,50.239.196.249,El Águila
Jerrome,Wyborn,jwybornmb@multiply.com,Polygender,206.116.192.23,Dachuan
Hodge,Cragell,hcragellmc@marketwatch.com,Female,5.210.217.103,Saint-Avold
Theodore,Bolles,tbollesmd@weather.com,Non-binary,94.20.131.176,Bondoboghila
Pavlov,Daal,pdaalme@slashdot.org,Genderfluid,183.141.34.171,Semongkat
Karol,Stronghill,kstronghillmf@symantec.com,Non-binary,99.211.30.140,Dalmeny
Tore,Brandsen,tbrandsenmg@youtu.be,Non-binary,199.0.144.250,
Merry,Van Oord,mvanoordmh@t.co,Male,129.149.17.7,
Sybila,Leat,sleatmi@wikia.com,Non-binary,94.99.57.162,
Fidelity,Lockitt,flockittmj@eventbrite.com,Non-binary,139.141.66.138,Andrézieux-Bouthéon
Timmy,MacGahey,tmacgaheymk@mtv.com,Polygender,96.23.251.194,Chenhu
Cher,Bransom,cbransomml@google.pl,Agender,31.54.175.180,Cartagena
Rosalyn,Barhims,rbarhimsmm@webmd.com,Non-binary,19.152.175.90,Hedong
Gwenora,Marrian,gmarrianmn@mysql.com,Genderqueer,52.105.232.195,Golub-Dobrzyń
Bernardina,Janway,bjanwaymo@sun.com,Genderqueer,199.238.61.123,Yong’an
Alexis,Ellesworth,aellesworthmp@ycombinator.com,Genderfluid,59.24.236.42,Kuala Lumpur
Carolyn,Rentalll,crentalllmq@cocolog-nifty.com,Non-binary,199.52.204.12,Taquara
Rowan,Palphramand,rpalphramandmr@surveymonkey.com,Non-binary,100.198.178.45,Dalonghua
Katine,Dillingstone,kdillingstonems@msu.edu,Bigender,244.182.126.176,Karangbungur
Devon,Delgaty,ddelgatymt@dailymail.co.uk,Non-binary,50.25.110.46,Le Bourget-du-Lac
Hallie,O'Caine,hocainemu@cdc.gov,Non-binary,169.69.224.45,Jianggu
Selestina,Bruce,sbrucemv@utexas.edu,Agender,102.56.125.123,Mehrān
Valentine,Norquoy,vnorquoymw@vinaora.com,Genderfluid,176.175.106.104,Hankha
Bethina,Jennaway,bjennawaymx@timesonline.co.uk,Non-binary,191.2.94.243,Envigado
Lynn,Thelwll,lthelwllmy@linkedin.com,Female,249.22.135.40,Dolores
Pascal,Schrader,pschradermz@ucla.edu,Agender,80.85.89.239,Huilong
Frederigo,Hould,fhouldn0@mediafire.com,Male,110.112.209.112,João Câmara
Bliss,Gateland,bgatelandn1@bluehost.com,Bigender,237.152.150.98,Lhokkruet
Mariann,Hulme,mhulmen2@admin.ch,Genderqueer,41.236.4.33,Kotaagung
Danice,Levee,dleveen3@un.org,Agender,30.29.156.72,Sibbo
Raddie,Hartzog,rhartzogn4@google.cn,Genderqueer,131.218.48.66,Monguno
Eleonore,Gravett,egravettn5@spotify.com,Polygender,236.221.77.214,Al Khafsah
Carlos,Patroni,cpatronin6@forbes.com,Non-binary,112.123.179.182,
Barbee,Campkin,bcampkinn7@howstuffworks.com,Non-binary,100.223.161.166,Nanhai
Jaime,Rilton,jriltonn8@stumbleupon.com,Non-binary,31.189.30.90,
Cosetta,Ebanks,cebanksn9@uiuc.edu,Genderqueer,194.233.203.138,
Grace,Shoebrook,gshoebrookna@paypal.com,Genderqueer,253.174.71.71,
Darryl,Mains,dmainsnb@spotify.com,Genderfluid,124.244.48.251,Santo Anastácio
Sasha,Engel,sengelnc@biglobe.ne.jp,Genderfluid,30.143.40.59,Sarata
Tobye,Temlett,ttemlettnd@nymag.com,Agender,243.2.242.45,Gedaliang
Kelbee,Soppett,ksoppettne@apple.com,Agender,157.197.8.25,Picoto
Eleanora,Van der Brug,evanderbrugnf@bloglovin.com,Genderfluid,102.146.225.125,
Olivette,Graddell,ograddellng@zdnet.com,Genderfluid,28.85.169.203,Riachos
Mackenzie,Colclough,mcolcloughnh@dell.com,Bigender,144.122.183.94,Xiniu
Beau,Dyers,bdyersni@about.me,Bigender,194.245.205.141,Longquan
Elmo,Daintry,edaintrynj@drupal.org,Bigender,125.59.235.201,Cernay
Killie,Philipot,kphilipotnk@berkeley.edu,Agender,223.38.13.252,
Rosella,Atherley,ratherleynl@wikia.com,Genderqueer,176.179.183.230,Primorsko
Ase,McCluney,amccluneynm@feedburner.com,Genderqueer,235.201.79.244,
Lincoln,Fairbridge,lfairbridgenn@army.mil,Bigender,184.251.165.251,
Bayard,McTrustrie,bmctrustrieno@yellowpages.com,Polygender,156.247.14.255,Piña
Nannette,Rushmare,nrushmarenp@discuz.net,Genderqueer,239.15.207.23,Sanhui
Madlin,Labes,mlabesnq@51.la,Male,216.103.107.193,Nantes
Friederike,Crispe,fcrispenr@forbes.com,Agender,34.71.76.250,Nepeña
Korney,Van der Brug,kvanderbrugns@yellowbook.com,Genderqueer,134.7.149.51,Vinhedo
Moises,O'Shevlin,moshevlinnt@state.tx.us,Male,125.108.174.208,Ciheras
Dugald,Fennick,dfennicknu@51.la,Bigender,1.2.3.124,Baisha
Catlee,Killingbeck,ckillingbecknv@nyu.edu,Female,33.16.203.104,Canha
Anallese,Olyunin,aolyuninnw@histats.com,Non-binary,92.82.43.212,Tonggu
Bel,Orrock,borrocknx@163.com,Non-binary,173.12.97.54,Umeå
Lydie,Nusche,lnuscheny@tripod.com,Female,7.144.27.168,Ngrejo
Sylvan,Goatman,sgoatmannz@wiley.com,Male,195.58.46.158,Bassila
Jesselyn,Lukovic,jlukovico0@merriam-webster.com,Male,41.43.112.64,
Verla,Chetwynd,vchetwyndo1@webeden.co.uk,Polygender,74.177.0.94,Azurva
Douglas,Treadgear,dtreadgearo2@blogtalkradio.com,Bigender,208.192.211.217,Svyetlahorsk
Iorgo,Camacke,icamackeo3@github.io,Female,121.226.218.1,Vargem Grande
Leupold,Steffan,lsteffano4@deliciousdays.com,Polygender,234.210.186.13,Tavricheskoye
Frederigo,Izachik,fizachiko5@chicagotribune.com,Bigender,18.10.212.19,Temirtau
Agretha,Brunel,abrunelo6@upenn.edu,Agender,192.18.48.216,Sypniewo
Tamma,Haslen,thasleno7@people.com.cn,Non-binary,119.76.73.11,Göteborg
Christian,Curle,ccurleo8@domainmarket.com,Male,88.177.235.213,Prigi
Sutherland,Amis,samiso9@dion.ne.jp,Polygender,65.32.95.243,Bokor
Adriaens,Bradneck,abradneckoa@google.com,Non-binary,255.42.252.68,Pécs
Babbette,Hebdon,bhebdonob@theguardian.com,Genderfluid,166.214.13.234,Meitang
Dwain,Turbard,dturbardoc@ftc.gov,Agender,124.120.71.187,Bankaw
Torr,McKinlay,tmckinlayod@blinklist.com,Agender,229.73.128.241,Shenkou
Essy,Sherrell,esherrelloe@chronoengine.com,Genderfluid,103.74.191.246,Jongorsari
Nickola,Beidebeke,nbeidebekeof@php.net,Bigender,155.246.85.59,Pomabamba
Lillis,Biaggioli,lbiaggioliog@nasa.gov,Bigender,141.83.197.79,Bairro de Santo António
Sasha,Nys,snysoh@seattletimes.com,Polygender,188.144.48.183,Banjar Tengah
Isacco,Lawlings,ilawlingsoi@furl.net,Polygender,38.15.206.213,Kíti
Brena,Theobalds,btheobaldsoj@economist.com,Genderqueer,9.184.106.199,Ketanggi
Arman,MacTeague,amacteagueok@ox.ac.uk,Polygender,91.231.217.92,Rio de Moinhos
Britt,Ketton,bkettonol@multiply.com,Polygender,95.182.23.7,Volodarka
Janenna,Burgwin,jburgwinom@zdnet.com,Female,142.230.170.28,Puente Alto
Auguste,Fiddeman,afiddemanon@google.nl,Female,121.27.105.9,Hořice
Sutherland,Orviss,sorvissoo@amazon.co.jp,Male,105.197.51.156,Karaundi
Allyn,Clayal,aclayalop@latimes.com,Bigender,35.136.35.3,
Koralle,Greenset,kgreensetoq@jigsy.com,Agender,83.64.95.10,Voskehask
Bride,MacRorie,bmacrorieor@ning.com,Female,41.168.248.193,
Jacki,Husset,jhussetos@washingtonpost.com,Genderfluid,216.228.11.217,Mambulo
Christie,Charpling,ccharplingot@over-blog.com,Polygender,46.158.43.34,Jiuxian
Lonni,Kidder,lkidderou@ihg.com,Genderqueer,198.115.135.135,Mŭynoq
Erica,McConway,emcconwayov@ucoz.ru,Female,224.177.46.131,Ankaran
Lavinie,Clyma,lclymaow@surveymonkey.com,Non-binary,50.222.117.98,Pasirlaja
Jess,Crockett,jcrockettox@squidoo.com,Bigender,186.184.136.109,Kolochava
Trudi,Kamen,tkamenoy@google.com.br,Male,254.73.12.180,Chapultepec
Carina,Crookshank,ccrookshankoz@nyu.edu,Genderfluid,87.156.192.46,Nagasaki-shi
Alisa,Di Giacomettino,adigiacomettinop0@cnn.com,Female,6.166.87.199,
Cecil,Iacivelli,ciacivellip1@google.com.br,Genderfluid,230.12.193.137,Gobernador Gálvez
Hurleigh,Cottisford,hcottisfordp2@wikipedia.org,Genderfluid,139.88.245.2,Pittsburgh
Fania,Bachshell,fbachshellp3@wordpress.org,Male,152.70.138.214,Miaoshi
Benny,Ganning,bganningp4@barnesandnoble.com,Male,15.208.124.232,Maqian
Jade,Storrar,jstorrarp5@sakura.ne.jp,Male,210.61.17.143,Catujal Velho
Tabb,Pieterick,tpieterickp6@youtu.be,Non-binary,210.128.35.137,Minh Long
Price,Allawy,pallawyp7@marketwatch.com,Agender,114.235.6.26,Muyuka
Koenraad,Le Conte,klecontep8@ustream.tv,Genderfluid,220.182.171.238,Bandar-e ‘Asalūyeh
Yanaton,Zanettini,yzanettinip9@wikipedia.org,Female,183.181.242.188,Cikayas
Marnia,L'Archer,mlarcherpa@deliciousdays.com,Male,118.204.46.59,Valada
Chico,Cuseick,ccuseickpb@hibu.com,Genderfluid,2.48.129.80,Sarangmeduro
Natka,Garaghan,ngaraghanpc@opera.com,Non-binary,185.142.230.142,
Nigel,McFee,nmcfeepd@skype.com,Non-binary,112.192.72.250,Puncakbaru
Granthem,Braxton,gbraxtonpe@sitemeter.com,Genderqueer,91.20.66.234,Heilbronn
Rudiger,Crewe,rcrewepf@mtv.com,Non-binary,230.207.150.79,Antas
Blancha,Boston,bbostonpg@yandex.ru,Polygender,223.91.130.58,Knjazevac
Shellie,Marciek,smarciekph@chicagotribune.com,Female,219.51.48.8,Descalvado
Zedekiah,Maryan,zmaryanpi@ucla.edu,Male,206.186.140.224,Bystřany
Carlene,Angrick,cangrickpj@cam.ac.uk,Agender,174.207.210.167,Hongchang
Budd,Karolovsky,bkarolovskypk@usa.gov,Male,188.169.160.181,Pinega
Parker,Heliar,pheliarpl@yellowpages.com,Female,182.251.80.170,
Bald,Road,broadpm@friendfeed.com,Female,181.118.156.222,Seixo
Tonia,Everwin,teverwinpn@themeforest.net,Male,61.78.127.96,
Bertina,Gerrels,bgerrelspo@blogs.com,Female,83.19.234.249,Ōdate
Ramsey,Frede,rfredepp@mashable.com,Polygender,98.87.170.158,Tshikapa
Yetta,Sherme,yshermepq@spiegel.de,Polygender,135.111.205.169,Rettikhovka
Dar,Figure,dfigurepr@weibo.com,Genderfluid,77.120.167.189,Václavovice
Maurine,Baldi,mbaldips@dailymotion.com,Male,18.167.220.29,Tanabe
Nadya,Aimable,naimablept@ted.com,Polygender,36.30.143.231,Morocelí
Madalyn,Goadsby,mgoadsbypu@prnewswire.com,Female,15.136.136.187,Baume-les-Dames
Allan,Perren,aperrenpv@stumbleupon.com,Non-binary,81.253.90.254,Zavidovo
Gian,Gutman,ggutmanpw@about.me,Non-binary,5.42.119.148,Otse
Jordain,Pagden,jpagdenpx@webmd.com,Bigender,197.134.132.139,
Koren,Quodling,kquodlingpy@google.ca,Agender,85.179.90.24,Wuyang
Sergio,Klishin,sklishinpz@cmu.edu,Agender,87.14.83.161,
Yancey,Stanlick,ystanlickq0@nasa.gov,Agender,0.207.114.150,Lyubertsy
Bonita,Busst,bbusstq1@blogs.com,Bigender,68.227.243.85,Envigado
Flemming,Wingeatt,fwingeattq2@4shared.com,Agender,245.228.207.194,
Gizela,Gounot,ggounotq3@smh.com.au,Non-binary,173.26.211.115,Błaszki
Vick,Ever,veverq4@alexa.com,Bigender,237.205.139.19,Baolong
Sonja,MacCleod,smaccleodq5@cbsnews.com,Bigender,60.60.16.85,Nikolayevsk
Barnebas,Barette,bbaretteq6@cmu.edu,Non-binary,6.180.53.79,Aurora
Valli,Estcourt,vestcourtq7@gmpg.org,Genderqueer,170.143.246.9,Arco de Baúlhe
Abigale,MacKettrick,amackettrickq8@bizjournals.com,Bigender,120.240.10.62,Al Jafr
Chic,Mazin,cmazinq9@msu.edu,Genderfluid,79.48.73.75,Landerneau
Iggie,Lerwill,ilerwillqa@canalblog.com,Agender,111.17.32.154,Wanxian
Alvy,Bathowe,abathoweqb@com.com,Agender,175.83.251.146,Prokop’yevsk
Lisbeth,Rottger,lrottgerqc@who.int,Non-binary,47.149.107.42,Chengzhong
Rickie,Authers,rauthersqd@washington.edu,Genderqueer,251.252.9.185,Wang Yang
Quentin,O'Tierney,qotierneyqe@yahoo.com,Female,153.252.88.193,Nagornyy
Cary,Llopis,cllopisqf@samsung.com,Genderfluid,249.240.27.166,Stockholm
John,Wigfield,jwigfieldqg@reddit.com,Non-binary,176.169.129.59,
Alf,Durban,adurbanqh@taobao.com,Non-binary,208.198.12.185,Placer
Tabbi,Hearn,thearnqi@nifty.com,Agender,220.84.72.154,Carpalho
Odelia,Milan,omilanqj@imgur.com,Male,164.100.138.172,Hegeng
Vannie,Eassom,veassomqk@bizjournals.com,Genderqueer,147.185.188.69,Obita
Cirstoforo,Kolin,ckolinql@foxnews.com,Male,227.136.69.248,Jinan
Glynnis,Bassil,gbassilqm@wired.com,Bigender,247.184.100.72,Kolokani
Graeme,Romaines,gromainesqn@addthis.com,Female,81.118.160.115,Yantian
Arlyne,Mullaly,amullalyqo@weather.com,Agender,193.6.249.119,
Riannon,Stocky,rstockyqp@google.fr,Genderfluid,194.101.7.192,Luocheng
Damian,Hakking,dhakkingqq@dagondesign.com,Genderfluid,214.119.231.45,Aveleda
Hermia,Navarijo,hnavarijoqr@nydailynews.com,Polygender,48.120.247.182,Bayshint
Rainer,Bener,rbenerqs@canalblog.com,Polygender,161.183.211.229,Mount Pearl
Emmerich,Skepper,eskepperqt@yandex.ru,Genderfluid,131.11.180.182,Veracruz
Nadine,Jeaycock,njeaycockqu@acquirethisname.com,Non-binary,180.155.0.27,Kizel
Arvin,Herrero,aherreroqv@baidu.com,Genderqueer,71.250.240.22,Nadvoitsy
Silvana,Trim,strimqw@desdev.cn,Agender,152.241.79.221,Benito Juarez
Mellicent,Gallone,mgalloneqx@nyu.edu,Non-binary,255.224.151.110,Gävle
Warde,Druhan,wdruhanqy@cdbaby.com,Polygender,86.41.78.128,Gunungsubang
Dicky,Metcalf,dmetcalfqz@homestead.com,Genderqueer,94.105.82.249,Bayt al ‘Awābī
Norine,Selcraig,nselcraigr0@ca.gov,Genderfluid,246.85.43.115,Rungis
Maribelle,Iglesiaz,miglesiazr1@wikispaces.com,Bigender,57.128.182.104,Minjian
Dal,Danielkiewicz,ddanielkiewiczr2@nsw.gov.au,Non-binary,254.8.118.174,Osby
Fionnula,Arnaldo,farnaldor3@google.ca,Bigender,127.249.229.171,Criação Velha
Neala,Hawkridge,nhawkridger4@mapy.cz,Non-binary,67.210.236.244,Paris La Défense
Gradey,Leak,gleakr5@nationalgeographic.com,Non-binary,96.150.40.151,Chigang
Kelly,Otterwell,kotterwellr6@behance.net,Genderqueer,3.142.56.38,Huqiu
Artemas,Hubberstey,ahubbersteyr7@dion.ne.jp,Female,28.70.206.223,Lukavice
Stefa,Saffin,ssaffinr8@answers.com,Agender,45.219.15.174,Gelin
Theodora,Limbourne,tlimbourner9@ebay.com,Agender,188.224.190.99,Ciawi
Melvin,Becaris,mbecarisra@aboutads.info,Male,72.199.2.250,Piaocao
Heloise,Boffin,hboffinrb@tamu.edu,Non-binary,253.60.203.199,Žabljak
Dill,Aizikovitch,daizikovitchrc@friendfeed.com,Male,85.16.204.230,Los Santos
Casie,Cud,ccudrd@nsw.gov.au,Polygender,25.95.229.65,Amadeo
Curcio,Tackle,ctacklere@cmu.edu,Female,46.230.143.77,Marsaxlokk
Monica,De la Eglise,mdelaegliserf@about.com,Bigender,32.237.147.182,Alivéri
Collin,Annett,cannettrg@comsenz.com,Bigender,74.93.115.59,Severoural’sk
Lonny,Jardine,ljardinerh@booking.com,Genderfluid,194.9.107.59,
Saundra,Edelheid,sedelheidri@g.co,Non-binary,163.0.99.136,Florencio Varela
Gustavo,Delamaine,gdelamainerj@google.com,Genderfluid,39.2.166.68,Capilla del Monte
Carr,Fosher,cfosherrk@barnesandnoble.com,Non-binary,32.63.131.77,
Jewelle,Nuzzi,jnuzzirl@japanpost.jp,Non-binary,56.137.76.88,Kraton
Sallyanne,Redhills,sredhillsrm@comsenz.com,Male,243.2.200.39,Chotcza
Adolphe,Ford,afordrn@parallels.com,Female,192.170.83.24,Cheongju-si
Edythe,McOrkil,emcorkilro@nationalgeographic.com,Male,121.18.111.64,Seririt
Olivette,Yeaman,oyeamanrp@theglobeandmail.com,Bigender,218.26.247.86,Armstrong
Sarine,Parfrey,sparfreyrq@sphinn.com,Genderfluid,11.35.29.27,Ånge
Oliy,Beauman,obeaumanrr@mediafire.com,Male,109.208.115.33,Örebro
